{
  "chart": {
    "title": "CO₂ emissions by fuel or industry type",
    "citation": "Global Carbon Budget (2024)",
    "originalChartUrl": "https://ourworldindata.org/grapher/co2-by-source?v=1&csvType=full&useColumnShortNames=false",
    "selection": [
      "World"
    ]
  },
  "columns": {
    "Annual CO₂ emissions from other industry": {
      "titleShort": "Other industry",
      "titleLong": "Other industry",
      "descriptionShort": "Annual emissions of carbon dioxide (CO₂) from other industry sources, measured in tonnes.",
      "descriptionKey": [
        "This data is based on territorial emissions, meaning the emissions produced within a country's borders, but not those from imported goods. For example, emissions from imported steel are counted in the country where the steel is produced. To learn more and look at emissions adjusted for trade, read our article: [How do CO₂ emissions compare when we adjust for trade?](https://ourworldindata.org/consumption-based-co2)",
        "Emissions from international aviation and shipping are not included in the data for any individual country or region. They are only counted in the global total."
      ],
      "descriptionProcessing": "- Global emissions are converted from tonnes of carbon to tonnes of carbon dioxide (CO₂) using a factor of 3.664. This is the conversion factor [recommended by the Global Carbon Project](https://globalcarbonbudgetdata.org/downloads/jGJH0-data/Global+Carbon+Budget+v2024+Dataset+Descriptions.pdf). It reflects that one tonne of carbon, when fully oxidized, forms 3.664 tonnes of CO₂, based on the relative molecular weights of carbon and oxygen in CO₂.\n- Emissions from the 1991 Kuwaiti oil fires are included in Kuwait's emissions for that year.\n",
      "shortUnit": "t",
      "unit": "tonnes",
      "timespan": "1750-2023",
      "type": "Numeric",
      "owidVariableId": 998394,
      "shortName": "emissions_from_other_industry",
      "lastUpdated": "2024-11-21",
      "nextUpdate": "2025-11-21",
      "citationShort": "Global Carbon Budget (2024) – with major processing by Our World in Data",
      "citationLong": "Global Carbon Budget (2024) – with major processing by Our World in Data. “Other industry” [dataset]. Global Carbon Project, “Global Carbon Budget” [original data].",
      "fullMetadata": "https://api.ourworldindata.org/v1/indicators/998394.metadata.json"
    },
    "Annual CO₂ emissions from flaring": {
      "titleShort": "Flaring",
      "titleLong": "Flaring",
      "descriptionShort": "Annual emissions of carbon dioxide (CO₂) from flaring, measured in tonnes.",
      "descriptionKey": [
        "This data is based on territorial emissions, meaning the emissions produced within a country's borders, but not those from imported goods. For example, emissions from imported steel are counted in the country where the steel is produced. To learn more and look at emissions adjusted for trade, read our article: [How do CO₂ emissions compare when we adjust for trade?](https://ourworldindata.org/consumption-based-co2)",
        "Emissions from international aviation and shipping are not included in the data for any individual country or region. They are only counted in the global total."
      ],
      "descriptionProcessing": "- Global emissions are converted from tonnes of carbon to tonnes of carbon dioxide (CO₂) using a factor of 3.664. This is the conversion factor [recommended by the Global Carbon Project](https://globalcarbonbudgetdata.org/downloads/jGJH0-data/Global+Carbon+Budget+v2024+Dataset+Descriptions.pdf). It reflects that one tonne of carbon, when fully oxidized, forms 3.664 tonnes of CO₂, based on the relative molecular weights of carbon and oxygen in CO₂.\n- Emissions from the 1991 Kuwaiti oil fires are included in Kuwait's emissions for that year.\n",
      "shortUnit": "t",
      "unit": "tonnes",
      "timespan": "1750-2023",
      "type": "Numeric",
      "owidVariableId": 998382,
      "shortName": "emissions_from_flaring",
      "lastUpdated": "2024-11-21",
      "nextUpdate": "2025-11-21",
      "citationShort": "Global Carbon Budget (2024) – with major processing by Our World in Data",
      "citationLong": "Global Carbon Budget (2024) – with major processing by Our World in Data. “Flaring” [dataset]. Global Carbon Project, “Global Carbon Budget” [original data].",
      "fullMetadata": "https://api.ourworldindata.org/v1/indicators/998382.metadata.json"
    },
    "Annual CO₂ emissions from cement": {
      "titleShort": "Cement",
      "titleLong": "Cement",
      "descriptionShort": "Annual emissions of carbon dioxide (CO₂) from cement, measured in tonnes.",
      "descriptionKey": [
        "This data is based on territorial emissions, meaning the emissions produced within a country's borders, but not those from imported goods. For example, emissions from imported steel are counted in the country where the steel is produced. To learn more and look at emissions adjusted for trade, read our article: [How do CO₂ emissions compare when we adjust for trade?](https://ourworldindata.org/consumption-based-co2)",
        "Emissions from international aviation and shipping are not included in the data for any individual country or region. They are only counted in the global total."
      ],
      "descriptionProcessing": "- Global emissions are converted from tonnes of carbon to tonnes of carbon dioxide (CO₂) using a factor of 3.664. This is the conversion factor [recommended by the Global Carbon Project](https://globalcarbonbudgetdata.org/downloads/jGJH0-data/Global+Carbon+Budget+v2024+Dataset+Descriptions.pdf). It reflects that one tonne of carbon, when fully oxidized, forms 3.664 tonnes of CO₂, based on the relative molecular weights of carbon and oxygen in CO₂.\n- Emissions from the 1991 Kuwaiti oil fires are included in Kuwait's emissions for that year.\n",
      "shortUnit": "t",
      "unit": "tonnes",
      "timespan": "1750-2023",
      "type": "Numeric",
      "owidVariableId": 998376,
      "shortName": "emissions_from_cement",
      "lastUpdated": "2024-11-21",
      "nextUpdate": "2025-11-21",
      "citationShort": "Global Carbon Budget (2024) – with major processing by Our World in Data",
      "citationLong": "Global Carbon Budget (2024) – with major processing by Our World in Data. “Cement” [dataset]. Global Carbon Project, “Global Carbon Budget” [original data].",
      "fullMetadata": "https://api.ourworldindata.org/v1/indicators/998376.metadata.json"
    },
    "Annual CO₂ emissions from gas": {
      "titleShort": "Gas",
      "titleLong": "Gas",
      "descriptionShort": "Annual emissions of carbon dioxide (CO₂) from gas, measured in tonnes.",
      "descriptionKey": [
        "This data is based on territorial emissions, meaning the emissions produced within a country's borders, but not those from imported goods. For example, emissions from imported steel are counted in the country where the steel is produced. To learn more and look at emissions adjusted for trade, read our article: [How do CO₂ emissions compare when we adjust for trade?](https://ourworldindata.org/consumption-based-co2)",
        "Emissions from international aviation and shipping are not included in the data for any individual country or region. They are only counted in the global total."
      ],
      "descriptionProcessing": "- Global emissions are converted from tonnes of carbon to tonnes of carbon dioxide (CO₂) using a factor of 3.664. This is the conversion factor [recommended by the Global Carbon Project](https://globalcarbonbudgetdata.org/downloads/jGJH0-data/Global+Carbon+Budget+v2024+Dataset+Descriptions.pdf). It reflects that one tonne of carbon, when fully oxidized, forms 3.664 tonnes of CO₂, based on the relative molecular weights of carbon and oxygen in CO₂.\n- Emissions from the 1991 Kuwaiti oil fires are included in Kuwait's emissions for that year.\n",
      "shortUnit": "t",
      "unit": "tonnes",
      "timespan": "1750-2023",
      "type": "Numeric",
      "owidVariableId": 998385,
      "shortName": "emissions_from_gas",
      "lastUpdated": "2024-11-21",
      "nextUpdate": "2025-11-21",
      "citationShort": "Global Carbon Budget (2024) – with major processing by Our World in Data",
      "citationLong": "Global Carbon Budget (2024) – with major processing by Our World in Data. “Gas” [dataset]. Global Carbon Project, “Global Carbon Budget” [original data].",
      "fullMetadata": "https://api.ourworldindata.org/v1/indicators/998385.metadata.json"
    },
    "Annual CO₂ emissions from oil": {
      "titleShort": "Oil",
      "titleLong": "Oil",
      "descriptionShort": "Annual emissions of carbon dioxide (CO₂) from oil, measured in tonnes.",
      "descriptionKey": [
        "This data is based on territorial emissions, meaning the emissions produced within a country's borders, but not those from imported goods. For example, emissions from imported steel are counted in the country where the steel is produced. To learn more and look at emissions adjusted for trade, read our article: [How do CO₂ emissions compare when we adjust for trade?](https://ourworldindata.org/consumption-based-co2)",
        "Emissions from international aviation and shipping are not included in the data for any individual country or region. They are only counted in the global total."
      ],
      "descriptionProcessing": "- Global emissions are converted from tonnes of carbon to tonnes of carbon dioxide (CO₂) using a factor of 3.664. This is the conversion factor [recommended by the Global Carbon Project](https://globalcarbonbudgetdata.org/downloads/jGJH0-data/Global+Carbon+Budget+v2024+Dataset+Descriptions.pdf). It reflects that one tonne of carbon, when fully oxidized, forms 3.664 tonnes of CO₂, based on the relative molecular weights of carbon and oxygen in CO₂.\n- Emissions from the 1991 Kuwaiti oil fires are included in Kuwait's emissions for that year.\n",
      "shortUnit": "t",
      "unit": "tonnes",
      "timespan": "1750-2023",
      "type": "Numeric",
      "owidVariableId": 998390,
      "shortName": "emissions_from_oil",
      "lastUpdated": "2024-11-21",
      "nextUpdate": "2025-11-21",
      "citationShort": "Global Carbon Budget (2024) – with major processing by Our World in Data",
      "citationLong": "Global Carbon Budget (2024) – with major processing by Our World in Data. “Oil” [dataset]. Global Carbon Project, “Global Carbon Budget” [original data].",
      "fullMetadata": "https://api.ourworldindata.org/v1/indicators/998390.metadata.json"
    },
    "Annual CO₂ emissions from coal": {
      "titleShort": "Coal",
      "titleLong": "Coal",
      "descriptionShort": "Annual emissions of carbon dioxide (CO₂) from coal, measured in tonnes.",
      "descriptionKey": [
        "This data is based on territorial emissions, meaning the emissions produced within a country's borders, but not those from imported goods. For example, emissions from imported steel are counted in the country where the steel is produced. To learn more and look at emissions adjusted for trade, read our article: [How do CO₂ emissions compare when we adjust for trade?](https://ourworldindata.org/consumption-based-co2)",
        "Emissions from international aviation and shipping are not included in the data for any individual country or region. They are only counted in the global total."
      ],
      "descriptionProcessing": "- Global emissions are converted from tonnes of carbon to tonnes of carbon dioxide (CO₂) using a factor of 3.664. This is the conversion factor [recommended by the Global Carbon Project](https://globalcarbonbudgetdata.org/downloads/jGJH0-data/Global+Carbon+Budget+v2024+Dataset+Descriptions.pdf). It reflects that one tonne of carbon, when fully oxidized, forms 3.664 tonnes of CO₂, based on the relative molecular weights of carbon and oxygen in CO₂.\n- Emissions from the 1991 Kuwaiti oil fires are included in Kuwait's emissions for that year.\n",
      "shortUnit": "t",
      "unit": "tonnes",
      "timespan": "1750-2023",
      "type": "Numeric",
      "owidVariableId": 998379,
      "shortName": "emissions_from_coal",
      "lastUpdated": "2024-11-21",
      "nextUpdate": "2025-11-21",
      "citationShort": "Global Carbon Budget (2024) – with major processing by Our World in Data",
      "citationLong": "Global Carbon Budget (2024) – with major processing by Our World in Data. “Coal” [dataset]. Global Carbon Project, “Global Carbon Budget” [original data].",
      "fullMetadata": "https://api.ourworldindata.org/v1/indicators/998379.metadata.json"
    }
  },
  "dateDownloaded": "2025-11-04",
  "activeFilters": {}
}