Entity,Code,Year,Oil proved reserves - t
Africa,,1980,7288741400
Africa,,1981,7676834000
Africa,,1982,7948134400
Africa,,1983,7916486700
Africa,,1984,7879362000
Africa,,1985,7779899400
Africa,,1986,7906570000
Africa,,1987,8001712600
Africa,,1988,8047157000
Africa,,1989,8059402000
Africa,,1990,8010200600
Africa,,1991,8234738000
Africa,,1992,8331186700
Africa,,1993,8352191500
Africa,,1994,8867139000
Africa,,1995,9814380000
Africa,,1996,10220757000
Africa,,1997,10265299000
Africa,,1998,10526300000
Africa,,1999,11555743000
Africa,,2000,12672165000
Africa,,2001,13177270000
Africa,,2002,13858436000
Africa,,2003,14529920000
Africa,,2004,14717947000
Africa,,2005,15242564000
Africa,,2006,16037848000
Africa,,2007,16373193000
Africa,,2008,16470476000
Africa,,2009,16773584000
Africa,,2010,17042924000
Africa,,2011,16998444000
Africa,,2012,17373147000
Africa,,2013,17393922000
Africa,,2014,17289607000
Africa,,2015,17408457000
Africa,,2016,17443045000
Africa,,2017,17270692000
Africa,,2018,17146349000
Africa,,2019,17053804000
Africa,,2020,17065270000
Africa (EI),,1980,7288741400
Africa (EI),,1981,7676834000
Africa (EI),,1982,7948134400
Africa (EI),,1983,7916486700
Africa (EI),,1984,7879362000
Africa (EI),,1985,7779899400
Africa (EI),,1986,7906570000
Africa (EI),,1987,8001712600
Africa (EI),,1988,8047157000
Africa (EI),,1989,8059402000
Africa (EI),,1990,8010200600
Africa (EI),,1991,8234738000
Africa (EI),,1992,8331186700
Africa (EI),,1993,8352191500
Africa (EI),,1994,8867139000
Africa (EI),,1995,9814380000
Africa (EI),,1996,10220757000
Africa (EI),,1997,10265299000
Africa (EI),,1998,10526300000
Africa (EI),,1999,11555743000
Africa (EI),,2000,12672165000
Africa (EI),,2001,13177270000
Africa (EI),,2002,13858436000
Africa (EI),,2003,14529920000
Africa (EI),,2004,14717947000
Africa (EI),,2005,15242564000
Africa (EI),,2006,16037848000
Africa (EI),,2007,16373193000
Africa (EI),,2008,16470476000
Africa (EI),,2009,16773584000
Africa (EI),,2010,17042924000
Africa (EI),,2011,16998444000
Africa (EI),,2012,17373147000
Africa (EI),,2013,17393922000
Africa (EI),,2014,17289607000
Africa (EI),,2015,17408457000
Africa (EI),,2016,17443045000
Africa (EI),,2017,17270692000
Africa (EI),,2018,17146349000
Africa (EI),,2019,17053804000
Africa (EI),,2020,17065270000
Algeria,DZA,1980,1118480000
Algeria,DZA,1981,1102112000
Algeria,DZA,1982,1287616000
Algeria,DZA,1983,1257608100
Algeria,DZA,1984,1227600000
Algeria,DZA,1985,1203048000
Algeria,DZA,1986,1200320000
Algeria,DZA,1987,1168129700
Algeria,DZA,1988,1254880000
Algeria,DZA,1989,1259790500
Algeria,DZA,1990,1254880000
Algeria,DZA,1991,1254880000
Algeria,DZA,1992,1254880000
Algeria,DZA,1993,1254880000
Algeria,DZA,1994,1361135600
Algeria,DZA,1995,1361135600
Algeria,DZA,1996,1473120000
Algeria,DZA,1997,1527680000
Algeria,DZA,1998,1543229600
Algeria,DZA,1999,1543229600
Algeria,DZA,2000,1543229600
Algeria,DZA,2001,1543229600
Algeria,DZA,2002,1543229600
Algeria,DZA,2003,1609520000
Algeria,DZA,2004,1609520000
Algeria,DZA,2005,1673628000
Algeria,DZA,2006,1673628000
Algeria,DZA,2007,1664080000
Algeria,DZA,2008,1664080000
Algeria,DZA,2009,1664080000
Algeria,DZA,2010,1664080000
Algeria,DZA,2011,1664080000
Algeria,DZA,2012,1664080000
Algeria,DZA,2013,1664080000
Algeria,DZA,2014,1664080000
Algeria,DZA,2015,1664080000
Algeria,DZA,2016,1664080000
Algeria,DZA,2017,1664080000
Algeria,DZA,2018,1664080000
Algeria,DZA,2019,1664080000
Algeria,DZA,2020,1664080000
Angola,AGO,1980,187550000
Angola,AGO,1981,151131200
Angola,AGO,1982,198734800
Angola,AGO,1983,233926000
Angola,AGO,1984,292850800
Angola,AGO,1985,275255200
Angola,AGO,1986,190960000
Angola,AGO,1987,272800000
Angola,AGO,1988,272800000
Angola,AGO,1989,282893570
Angola,AGO,1990,221650000
Angola,AGO,1991,197780000
Angola,AGO,1992,181957600
Angola,AGO,1993,259296400
Angola,AGO,1994,404426000
Angola,AGO,1995,426250000
Angola,AGO,1996,503997980
Angola,AGO,1997,531960000
Angola,AGO,1998,549692000
Angola,AGO,1999,688820030
Angola,AGO,2000,814580800
Angola,AGO,2001,886600000
Angola,AGO,2002,1213960000
Angola,AGO,2003,1200456300
Angola,AGO,2004,1232374000
Angola,AGO,2005,1234420000
Angola,AGO,2006,1272612000
Angola,AGO,2007,1295800000
Angola,AGO,2008,1295800000
Angola,AGO,2009,1295800000
Angola,AGO,2010,1235102100
Angola,AGO,2011,1235102100
Angola,AGO,2012,1235102100
Angola,AGO,2013,1229100400
Angola,AGO,2014,1148897300
Angola,AGO,2015,1299073700
Angola,AGO,2016,1298937200
Angola,AGO,2017,1143577600
Angola,AGO,2018,1113024000
Angola,AGO,2019,1061601200
Angola,AGO,2020,1061601200
Argentina,ARG,1980,335134820
Argentina,ARG,1981,296213340
Argentina,ARG,1982,265925440
Argentina,ARG,1983,334148480
Argentina,ARG,1984,320403600
Argentina,ARG,1985,305536000
Argentina,ARG,1986,304581220
Argentina,ARG,1987,306354400
Argentina,ARG,1988,310978370
Argentina,ARG,1989,295674270
Argentina,ARG,1990,214146240
Argentina,ARG,1991,229597550
Argentina,ARG,1992,275178530
Argentina,ARG,1993,302369760
Argentina,ARG,1994,307259140
Argentina,ARG,1995,325500450
Argentina,ARG,1996,354699230
Argentina,ARG,1997,357528670
Argentina,ARG,1998,375565800
Argentina,ARG,1999,418910140
Argentina,ARG,2000,405613100
Argentina,ARG,2001,392652350
Argentina,ARG,2002,384717340
Argentina,ARG,2003,364803070
Argentina,ARG,2004,338000450
Argentina,ARG,2005,297387840
Argentina,ARG,2006,352834080
Argentina,ARG,2007,356825180
Argentina,ARG,2008,343770050
Argentina,ARG,2009,342568100
Argentina,ARG,2010,344294300
Argentina,ARG,2011,344410020
Argentina,ARG,2012,321114180
Argentina,ARG,2013,317755260
Argentina,ARG,2014,324592320
Argentina,ARG,2015,326640350
Argentina,ARG,2016,294925300
Argentina,ARG,2017,275086750
Argentina,ARG,2018,325567420
Argentina,ARG,2019,338641300
Argentina,ARG,2020,338641300
Asia,,1980,53722700000
Asia,,1981,54164200000
Asia,,1982,57338446000
Asia,,1983,58654640000
Asia,,1984,63431696000
Asia,,1985,63613977000
Asia,,1986,78021330000
Asia,,1987,82064310000
Asia,,1988,93846940000
Asia,,1989,94229200000
Asia,,1990,94267790000
Asia,,1991,95740520000
Asia,,1992,95773610000
Asia,,1993,95854170000
Asia,,1994,96006310000
Asia,,1995,95950570000
Asia,,1996,97456150000
Asia,,1997,98868540000
Asia,,1998,99285330000
Asia,,1999,99038260000
Asia,,2000,100579300000
Asia,,2001,101004690000
Asia,,2002,107689394000
Asia,,2003,108852130000
Asia,,2004,109814760000
Asia,,2005,110574980000
Asia,,2006,110838870000
Asia,,2007,113368200000
Asia,,2008,113736120000
Asia,,2009,113770620000
Asia,,2010,115714064000
Asia,,2011,120081170000
Asia,,2012,120346075000
Asia,,2013,120916660000
Asia,,2014,120958100000
Asia,,2015,120789530000
Asia,,2016,121355256000
Asia,,2017,124966020000
Asia,,2018,124918330000
Asia,,2019,125134864000
Asia,,2020,125099820000
Asia Pacific (EI),,1980,4579380000
Asia Pacific (EI),,1981,4699191000
Asia Pacific (EI),,1982,4692008000
Asia Pacific (EI),,1983,4854382600
Asia Pacific (EI),,1984,5025856500
Asia Pacific (EI),,1985,5061223400
Asia Pacific (EI),,1986,5149181000
Asia Pacific (EI),,1987,5179581000
Asia Pacific (EI),,1988,5207986700
Asia Pacific (EI),,1989,4487755000
Asia Pacific (EI),,1990,4727068700
Asia Pacific (EI),,1991,5021938000
Asia Pacific (EI),,1992,4948726000
Asia Pacific (EI),,1993,4988192000
Asia Pacific (EI),,1994,4989738500
Asia Pacific (EI),,1995,4966085000
Asia Pacific (EI),,1996,4971224000
Asia Pacific (EI),,1997,5154203600
Asia Pacific (EI),,1998,5385557000
Asia Pacific (EI),,1999,5050582500
Asia Pacific (EI),,2000,5138479000
Asia Pacific (EI),,2001,5295668000
Asia Pacific (EI),,2002,5312579600
Asia Pacific (EI),,2003,5272343600
Asia Pacific (EI),,2004,5663246300
Asia Pacific (EI),,2005,5655670000
Asia Pacific (EI),,2006,5838659600
Asia Pacific (EI),,2007,5903209500
Asia Pacific (EI),,2008,6267890000
Asia Pacific (EI),,2009,6355803000
Asia Pacific (EI),,2010,6517699000
Asia Pacific (EI),,2011,6527100400
Asia Pacific (EI),,2012,6618439000
Asia Pacific (EI),,2013,6697413600
Asia Pacific (EI),,2014,6501326000
Asia Pacific (EI),,2015,6352837600
Asia Pacific (EI),,2016,6262080000
Asia Pacific (EI),,2017,6245246000
Asia Pacific (EI),,2018,6261606400
Asia Pacific (EI),,2019,6185594000
Asia Pacific (EI),,2020,6159650000
Australia,AUS,1980,289551420
Australia,AUS,1981,357156350
Australia,AUS,1982,399795460
Australia,AUS,1983,339740350
Australia,AUS,1984,349177600
Australia,AUS,1985,335450720
Australia,AUS,1986,392074100
Australia,AUS,1987,396363740
Australia,AUS,1988,434970620
Australia,AUS,1989,422959580
Australia,AUS,1990,430680960
Australia,AUS,1991,440118180
Australia,AUS,1992,439260260
Australia,AUS,1993,444407840
Australia,AUS,1994,520763650
Australia,AUS,1995,518189860
Australia,AUS,1996,520763650
Australia,AUS,1997,550791200
Australia,AUS,1998,651169000
Australia,AUS,1999,646879360
Australia,AUS,2000,674333100
Australia,AUS,2001,676048960
Australia,AUS,2002,623715260
Australia,AUS,2003,511423360
Australia,AUS,2004,530495140
Australia,AUS,2005,507181730
Australia,AUS,2006,479380480
Australia,AUS,2007,467710080
Australia,AUS,2008,578226940
Australia,AUS,2009,553975000
Australia,AUS,2010,522559260
Australia,AUS,2011,528269630
Australia,AUS,2012,534956350
Australia,AUS,2013,539802800
Australia,AUS,2014,326042660
Australia,AUS,2015,326042660
Australia,AUS,2016,326042660
Australia,AUS,2017,326042660
Australia,AUS,2018,326042660
Australia,AUS,2019,326042660
Australia,AUS,2020,326042660
Azerbaijan,AZE,1991,171045600
Azerbaijan,AZE,1992,171045600
Azerbaijan,AZE,1993,171045600
Azerbaijan,AZE,1994,157814800
Azerbaijan,AZE,1995,157814800
Azerbaijan,AZE,1996,157814800
Azerbaijan,AZE,1997,157814800
Azerbaijan,AZE,1998,157814800
Azerbaijan,AZE,1999,160679200
Azerbaijan,AZE,2000,160679200
Azerbaijan,AZE,2001,160679200
Azerbaijan,AZE,2002,954800000
Azerbaijan,AZE,2003,954800000
Azerbaijan,AZE,2004,954800000
Azerbaijan,AZE,2005,954800000
Azerbaijan,AZE,2006,954800000
Azerbaijan,AZE,2007,954800000
Azerbaijan,AZE,2008,954800000
Azerbaijan,AZE,2009,954800000
Azerbaijan,AZE,2010,954800000
Azerbaijan,AZE,2011,954800000
Azerbaijan,AZE,2012,954800000
Azerbaijan,AZE,2013,954800000
Azerbaijan,AZE,2014,954800000
Azerbaijan,AZE,2015,954800000
Azerbaijan,AZE,2016,954800000
Azerbaijan,AZE,2017,954800000
Azerbaijan,AZE,2018,954800000
Azerbaijan,AZE,2019,954800000
Azerbaijan,AZE,2020,954800000
Brazil,BRA,1980,179770690
Brazil,BRA,1981,201304740
Brazil,BRA,1982,234395100
Brazil,BRA,1983,252317260
Brazil,BRA,1984,274983780
Brazil,BRA,1985,295723400
Brazil,BRA,1986,321687780
Brazil,BRA,1987,347923260
Brazil,BRA,1988,384121100
Brazil,BRA,1989,376441760
Brazil,BRA,1990,615578700
Brazil,BRA,1991,657221700
Brazil,BRA,1992,677327300
Brazil,BRA,1993,679566500
Brazil,BRA,1994,733073900
Brazil,BRA,1995,848823230
Brazil,BRA,1996,911244540
Brazil,BRA,1997,969250940
Brazil,BRA,1998,1003529540
Brazil,BRA,1999,1112111700
Brazil,BRA,2000,1154556200
Brazil,BRA,2001,1157381200
Brazil,BRA,2002,1337304700
Brazil,BRA,2003,1446056700
Brazil,BRA,2004,1533550200
Brazil,BRA,2005,1605736400
Brazil,BRA,2006,1661624800
Brazil,BRA,2007,1721890400
Brazil,BRA,2008,1746113700
Brazil,BRA,2009,1756241400
Brazil,BRA,2010,1943199500
Brazil,BRA,2011,2052805000
Brazil,BRA,2012,2088859800
Brazil,BRA,2013,2120261000
Brazil,BRA,2014,2207512800
Brazil,BRA,2015,1773170200
Brazil,BRA,2016,1723239300
Brazil,BRA,2017,1745091300
Brazil,BRA,2018,1832575900
Brazil,BRA,2019,1734271400
Brazil,BRA,2020,1626571600
Brunei,BRN,1980,176501600
Brunei,BRN,1981,204600000
Brunei,BRN,1982,197132110
Brunei,BRN,1983,208282800
Brunei,BRN,1984,200544830
Brunei,BRN,1985,196825200
Brunei,BRN,1986,201190000
Brunei,BRN,1987,218240000
Brunei,BRN,1988,163680000
Brunei,BRN,1989,157091890
Brunei,BRN,1990,153313600
Brunei,BRN,1991,156860000
Brunei,BRN,1992,154132000
Brunei,BRN,1993,170500000
Brunei,BRN,1994,162043200
Brunei,BRN,1995,153313600
Brunei,BRN,1996,148676000
Brunei,BRN,1997,144584000
Brunei,BRN,1998,139128000
Brunei,BRN,1999,177320000
Brunei,BRN,2000,167772000
Brunei,BRN,2001,158224000
Brunei,BRN,2002,150040000
Brunei,BRN,2003,143220000
Brunei,BRN,2004,152808930
Brunei,BRN,2005,150722000
Brunei,BRN,2006,163680000
Brunei,BRN,2007,147039200
Brunei,BRN,2008,147039200
Brunei,BRN,2009,150040000
Brunei,BRN,2010,150040000
Brunei,BRN,2011,150040000
Brunei,BRN,2012,150040000
Brunei,BRN,2013,150040000
Brunei,BRN,2014,150040000
Brunei,BRN,2015,150040000
Brunei,BRN,2016,150040000
Brunei,BRN,2017,150040000
Brunei,BRN,2018,150040000
Brunei,BRN,2019,150040000
Brunei,BRN,2020,150040000
CIS (EI),,1980,9138800000
CIS (EI),,1981,8593200000
CIS (EI),,1982,8593200000
CIS (EI),,1983,8593200000
CIS (EI),,1984,8593200000
CIS (EI),,1985,8593200000
CIS (EI),,1986,8320400000
CIS (EI),,1987,8047600000
CIS (EI),,1988,8047600000
CIS (EI),,1989,7979400000
CIS (EI),,1990,7965760000
CIS (EI),,1991,16865569000
CIS (EI),,1992,16865569000
CIS (EI),,1993,16719268000
CIS (EI),,1994,16723907000
CIS (EI),,1995,16523446000
CIS (EI),,1996,16568758000
CIS (EI),,1997,16501261000
CIS (EI),,1998,16512446000
CIS (EI),,1999,16378916000
CIS (EI),,2000,16378916000
CIS (EI),,2001,16267497000
CIS (EI),,2002,16840932000
CIS (EI),,2003,17071374000
CIS (EI),,2004,16757243000
CIS (EI),,2005,16612813000
CIS (EI),,2006,16569561000
CIS (EI),,2007,19760409000
CIS (EI),,2008,19752106000
CIS (EI),,2009,19642683000
CIS (EI),,2010,19674930000
CIS (EI),,2011,19662530000
CIS (EI),,2012,19632814000
CIS (EI),,2013,19568000000
CIS (EI),,2014,19315317000
CIS (EI),,2015,19207740000
CIS (EI),,2016,19740748000
CIS (EI),,2017,19782846000
CIS (EI),,2018,19868676000
CIS (EI),,2019,19948261000
CIS (EI),,2020,19948261000
Canada,CAN,1980,5391554000
Canada,CAN,1981,5479915500
Canada,CAN,1982,5498569700
Canada,CAN,1983,5523008000
Canada,CAN,1984,5528533000
Canada,CAN,1985,5584084500
Canada,CAN,1986,5606313000
Canada,CAN,1987,5619852000
Canada,CAN,1988,5656202000
Canada,CAN,1989,5632734000
Canada,CAN,1990,5496079000
Canada,CAN,1991,5469416400
Canada,CAN,1992,5406076400
Canada,CAN,1993,5387217000
Canada,CAN,1994,6567551500
Canada,CAN,1995,6597198300
Canada,CAN,1996,6675774500
Canada,CAN,1997,6656742000
Canada,CAN,1998,6795869000
Canada,CAN,1999,24764846000
Canada,CAN,2000,24757105000
Canada,CAN,2001,24680346000
Canada,CAN,2002,24606560000
Canada,CAN,2003,24538763000
Canada,CAN,2004,24494174000
Canada,CAN,2005,24558017000
Canada,CAN,2006,24464970000
Canada,CAN,2007,24392962000
Canada,CAN,2008,24054129000
Canada,CAN,2009,23872076000
Canada,CAN,2010,23849270000
Canada,CAN,2011,23757726000
Canada,CAN,2012,23694875000
Canada,CAN,2013,23602320000
Canada,CAN,2014,23482077000
Canada,CAN,2015,23394280000
Canada,CAN,2016,23260064000
Canada,CAN,2017,23432387000
Canada,CAN,2018,23287871000
Canada,CAN,2019,23068637000
Canada,CAN,2020,22927151000
Chad,TCD,1980,0
Chad,TCD,1981,0
Chad,TCD,1982,0
Chad,TCD,1983,0
Chad,TCD,1984,0
Chad,TCD,1985,0
Chad,TCD,1986,0
Chad,TCD,1987,0
Chad,TCD,1988,0
Chad,TCD,1989,0
Chad,TCD,1990,0
Chad,TCD,1991,0
Chad,TCD,1992,0
Chad,TCD,1993,0
Chad,TCD,1994,0
Chad,TCD,1995,0
Chad,TCD,1996,0
Chad,TCD,1997,0
Chad,TCD,1998,0
Chad,TCD,1999,0
Chad,TCD,2000,122760000
Chad,TCD,2001,122760000
Chad,TCD,2002,122760000
Chad,TCD,2003,122760000
Chad,TCD,2004,122760000
Chad,TCD,2005,204600000
Chad,TCD,2006,204600000
Chad,TCD,2007,204600000
Chad,TCD,2008,204600000
Chad,TCD,2009,204600000
Chad,TCD,2010,204600000
Chad,TCD,2011,204600000
Chad,TCD,2012,204600000
Chad,TCD,2013,204600000
Chad,TCD,2014,204600000
Chad,TCD,2015,204600000
Chad,TCD,2016,204600000
Chad,TCD,2017,204600000
Chad,TCD,2018,204600000
Chad,TCD,2019,204600000
Chad,TCD,2020,204600000
China,CHN,1980,1821297500
China,CHN,1981,1812819100
China,CHN,1982,1808509800
China,CHN,1983,2029748400
China,CHN,1984,2232130300
China,CHN,1985,2330761700
China,CHN,1986,2340799700
China,CHN,1987,2376563000
China,CHN,1988,2357486600
China,CHN,1989,2190378200
China,CHN,1990,2185089000
China,CHN,1991,2116002200
China,CHN,1992,2072340200
China,CHN,1993,2241778400
China,CHN,1994,2217583000
China,CHN,1995,2230830600
China,CHN,1996,2243028200
China,CHN,1997,2321733400
China,CHN,1998,2376473000
China,CHN,1999,2061263200
China,CHN,2000,2071956900
China,CHN,2001,2102128600
China,CHN,2002,2115386800
China,CHN,2003,2110885500
China,CHN,2004,2490510800
China,CHN,2005,2489252900
China,CHN,2006,2758049000
China,CHN,2007,2832005000
China,CHN,2008,2889886500
China,CHN,2009,2948643300
China,CHN,2010,3173756200
China,CHN,2011,3239070000
China,CHN,2012,3331956700
China,CHN,2013,3366695000
China,CHN,2014,3432704500
China,CHN,2015,3495449900
China,CHN,2016,3500544800
China,CHN,2017,3539334400
China,CHN,2018,3572328200
China,CHN,2019,3541320200
China,CHN,2020,3541320200
Colombia,COL,1980,75020000
Colombia,COL,1981,72292000
Colombia,COL,1982,83204000
Colombia,COL,1983,87296000
Colombia,COL,1984,150040000
Colombia,COL,1985,169136000
Colombia,COL,1986,231880000
Colombia,COL,1987,260524000
Colombia,COL,1988,279620000
Colombia,COL,1989,270072000
Colombia,COL,1990,271436000
Colombia,COL,1991,257059440
Colombia,COL,1992,440831170
Colombia,COL,1993,430532960
Colombia,COL,1994,428159580
Colombia,COL,1995,402639170
Colombia,COL,1996,381647200
Colombia,COL,1997,351530080
Colombia,COL,1998,337971900
Colombia,COL,1999,312246880
Colombia,COL,2000,268967170
Colombia,COL,2001,251276080
Colombia,COL,2002,222563890
Colombia,COL,2003,210383360
Colombia,COL,2004,201544640
Colombia,COL,2005,198216480
Colombia,COL,2006,205882160
Colombia,COL,2007,205964000
Colombia,COL,2008,185776800
Colombia,COL,2009,185504000
Colombia,COL,2010,259160000
Colombia,COL,2011,271108640
Colombia,COL,2012,300080000
Colombia,COL,2013,324222820
Colombia,COL,2014,333498000
Colombia,COL,2015,314811200
Colombia,COL,2016,273072800
Colombia,COL,2017,227172850
Colombia,COL,2018,243093170
Colombia,COL,2019,267344000
Colombia,COL,2020,277710400
Congo,COG,1980,96222020
Congo,COG,1981,99987336
Congo,COG,1982,102903570
Congo,COG,1983,100710264
Congo,COG,1984,108905980
Congo,COG,1985,103118400
Congo,COG,1986,98167080
Congo,COG,1987,94798000
Congo,COG,1988,102300000
Congo,COG,1989,96844000
Congo,COG,1990,102913800
Congo,COG,1991,95248120
Congo,COG,1992,98890000
Congo,COG,1993,88728200
Congo,COG,1994,192692290
Congo,COG,1995,184099070
Congo,COG,1996,218240000
Congo,COG,1997,220286000
Congo,COG,1998,231880000
Congo,COG,1999,231880000
Congo,COG,2000,205406530
Congo,COG,2001,205406530
Congo,COG,2002,206646000
Congo,COG,2003,243474000
Congo,COG,2004,243337600
Congo,COG,2005,259842000
Congo,COG,2006,264616000
Congo,COG,2007,264616000
Congo,COG,2008,264616000
Congo,COG,2009,272800000
Congo,COG,2010,272800000
Congo,COG,2011,272800000
Congo,COG,2012,272800000
Congo,COG,2013,364597220
Congo,COG,2014,391058800
Congo,COG,2015,406744800
Congo,COG,2016,406744800
Congo,COG,2017,406744800
Congo,COG,2018,406744800
Congo,COG,2019,393104800
Congo,COG,2020,393104800
Denmark,DNK,1980,61380000
Denmark,DNK,1981,50604400
Denmark,DNK,1982,44612370
Denmark,DNK,1983,42038576
Denmark,DNK,1984,63486830
Denmark,DNK,1985,60913044
Denmark,DNK,1986,54907532
Denmark,DNK,1987,54907532
Denmark,DNK,1988,73781990
Denmark,DNK,1989,85793016
Denmark,DNK,1990,80645430
Denmark,DNK,1991,84077150
Denmark,DNK,1992,102093690
Denmark,DNK,1993,96088184
Denmark,DNK,1994,102951624
Denmark,DNK,1995,124399870
Denmark,DNK,1996,117536430
Denmark,DNK,1997,128689530
Denmark,DNK,1998,120110220
Denmark,DNK,1999,123541944
Denmark,DNK,2000,151853650
Denmark,DNK,2001,183597060
Denmark,DNK,2002,174159840
Denmark,DNK,2003,174159840
Denmark,DNK,2004,181023280
Denmark,DNK,2005,174159840
Denmark,DNK,2006,157859150
Denmark,DNK,2007,151853650
Denmark,DNK,2008,110672990
Denmark,DNK,2009,125257810
Denmark,DNK,2010,122684020
Denmark,DNK,2011,109815064
Denmark,DNK,2012,99519900
Denmark,DNK,2013,91798530
Denmark,DNK,2014,83219230
Denmark,DNK,2015,66918556
Denmark,DNK,2016,60055110
Denmark,DNK,2017,58339252
Denmark,DNK,2018,60055110
Denmark,DNK,2019,58339252
Denmark,DNK,2020,58339252
Ecuador,ECU,1980,77625784
Ecuador,ECU,1981,72062296
Ecuador,ECU,1982,72851384
Ecuador,ECU,1983,70276890
Ecuador,ECU,1984,90633820
Ecuador,ECU,1985,91502620
Ecuador,ECU,1986,98445016
Ecuador,ECU,1987,127075460
Ecuador,ECU,1988,120746790
Ecuador,ECU,1989,114904340
Ecuador,ECU,1990,108017730
Ecuador,ECU,1991,121504000
Ecuador,ECU,1992,258247820
Ecuador,ECU,1993,291708450
Ecuador,ECU,1994,278269980
Ecuador,ECU,1995,269829120
Ecuador,ECU,1996,275225200
Ecuador,ECU,1997,292840300
Ecuador,ECU,1998,326954500
Ecuador,ECU,1999,352938700
Ecuador,ECU,2000,363938100
Ecuador,ECU,2001,466886560
Ecuador,ECU,2002,508954620
Ecuador,ECU,2003,508214140
Ecuador,ECU,2004,498690050
Ecuador,ECU,2005,360032540
Ecuador,ECU,2006,333570080
Ecuador,ECU,2007,342417470
Ecuador,ECU,2008,340903070
Ecuador,ECU,2009,363220770
Ecuador,ECU,2010,282000220
Ecuador,ECU,2011,274029630
Ecuador,ECU,2012,264943140
Ecuador,ECU,2013,280565540
Ecuador,ECU,2014,241828350
Ecuador,ECU,2015,246371600
Ecuador,ECU,2016,232391540
Ecuador,ECU,2017,222646770
Ecuador,ECU,2018,177667420
Ecuador,ECU,2019,177667420
Ecuador,ECU,2020,177667420
Egypt,EGY,1980,397803780
Egypt,EGY,1981,481532900
Egypt,EGY,1982,504628860
Egypt,EGY,1983,539952900
Egypt,EGY,1984,549091840
Egypt,EGY,1985,518320000
Egypt,EGY,1986,613800000
Egypt,EGY,1987,639034000
Egypt,EGY,1988,582496260
Egypt,EGY,1989,586520000
Egypt,EGY,1990,471807600
Egypt,EGY,1991,482214900
Egypt,EGY,1992,468533980
Egypt,EGY,1993,467170000
Egypt,EGY,1994,537552400
Egypt,EGY,1995,518865600
Egypt,EGY,1996,524253380
Egypt,EGY,1997,507271600
Egypt,EGY,1998,512413900
Egypt,EGY,1999,513818780
Egypt,EGY,2000,494709150
Egypt,EGY,2001,500315200
Egypt,EGY,2002,480810020
Egypt,EGY,2003,480810020
Egypt,EGY,2004,493768000
Egypt,EGY,2005,507408000
Egypt,EGY,2006,507408000
Egypt,EGY,2007,555148000
Egypt,EGY,2008,572880000
Egypt,EGY,2009,600160000
Egypt,EGY,2010,613800000
Egypt,EGY,2011,586520000
Egypt,EGY,2012,572880000
Egypt,EGY,2013,531960000
Egypt,EGY,2014,502088400
Egypt,EGY,2015,473717220
Egypt,EGY,2016,461577600
Egypt,EGY,2017,453530020
Egypt,EGY,2018,436070820
Egypt,EGY,2019,429114400
Egypt,EGY,2020,429114400
Equatorial Guinea,GNQ,1991,40920000
Equatorial Guinea,GNQ,1992,40920000
Equatorial Guinea,GNQ,1993,40920000
Equatorial Guinea,GNQ,1994,40920000
Equatorial Guinea,GNQ,1995,75702000
Equatorial Guinea,GNQ,1996,75702000
Equatorial Guinea,GNQ,1997,75702000
Equatorial Guinea,GNQ,1998,75702000
Equatorial Guinea,GNQ,1999,75702000
Equatorial Guinea,GNQ,2000,109120000
Equatorial Guinea,GNQ,2001,151404000
Equatorial Guinea,GNQ,2002,149358000
Equatorial Guinea,GNQ,2003,174592000
Equatorial Guinea,GNQ,2004,240746000
Equatorial Guinea,GNQ,2005,246202000
Equatorial Guinea,GNQ,2006,239382000
Equatorial Guinea,GNQ,2007,232562000
Equatorial Guinea,GNQ,2008,232562000
Equatorial Guinea,GNQ,2009,232562000
Equatorial Guinea,GNQ,2010,232562000
Equatorial Guinea,GNQ,2011,232562000
Equatorial Guinea,GNQ,2012,232562000
Equatorial Guinea,GNQ,2013,232562000
Equatorial Guinea,GNQ,2014,150040000
Equatorial Guinea,GNQ,2015,150040000
Equatorial Guinea,GNQ,2016,150040000
Equatorial Guinea,GNQ,2017,150040000
Equatorial Guinea,GNQ,2018,150040000
Equatorial Guinea,GNQ,2019,150040000
Equatorial Guinea,GNQ,2020,150040000
Europe,,1980,11400104000
Europe,,1981,10744040000
Europe,,1982,10684193000
Europe,,1983,10831606000
Europe,,1984,10743073000
Europe,,1985,10816735000
Europe,,1986,10572233000
Europe,,1987,10276909000
Europe,,1988,10399946000
Europe,,1989,10281821000
Europe,,1990,10354169000
Europe,,1991,18336707000
Europe,,1992,18455734000
Europe,,1993,18232918000
Europe,,1994,18227116000
Europe,,1995,18225699000
Europe,,1996,18411258000
Europe,,1997,18385822000
Europe,,1998,18344198000
Europe,,1999,18120081000
Europe,,2000,18162424000
Europe,,2001,18069170000
Europe,,2002,17582252000
Europe,,2003,17263002000
Europe,,2004,16835914000
Europe,,2005,16654802000
Europe,,2006,16390818000
Europe,,2007,16630097000
Europe,,2008,16442401000
Europe,,2009,16308424000
Europe,,2010,16289972000
Europe,,2011,16313852000
Europe,,2012,16332518000
Europe,,2013,16193100000
Europe,,2014,15830013000
Europe,,2015,15862849000
Europe,,2016,16290482000
Europe,,2017,16396397000
Europe,,2018,16606074000
Europe,,2019,16640796000
Europe,,2020,16563489000
Europe (EI),,1980,2261303800
Europe (EI),,1981,2150840600
Europe (EI),,1982,2090993300
Europe (EI),,1983,2238406100
Europe (EI),,1984,2149873000
Europe (EI),,1985,2223535000
Europe (EI),,1986,2251832300
Europe (EI),,1987,2229309000
Europe (EI),,1988,2352345300
Europe (EI),,1989,2302421500
Europe (EI),,1990,2388409000
Europe (EI),,1991,2493948200
Europe (EI),,1992,2612974800
Europe (EI),,1993,2536458500
Europe (EI),,1994,2530656800
Europe (EI),,1995,2729671400
Europe (EI),,1996,2915231200
Europe (EI),,1997,2957345500
Europe (EI),,1998,2915721700
Europe (EI),,1999,2828002600
Europe (EI),,2000,2870344700
Europe (EI),,2001,2888509200
Europe (EI),,2002,2622274800
Europe (EI),,2003,2563624400
Europe (EI),,2004,2450668300
Europe (EI),,2005,2413985300
Europe (EI),,2006,2200618200
Europe (EI),,2007,2113449900
Europe (EI),,2008,1934056200
Europe (EI),,2009,1909501300
Europe (EI),,2010,1858804000
Europe (EI),,2011,1895082400
Europe (EI),,2012,1943466200
Europe (EI),,2013,1868860500
Europe (EI),,2014,1758458000
Europe (EI),,2015,1898871300
Europe (EI),,2016,1793495800
Europe (EI),,2017,1857311000
Europe (EI),,2018,1981159000
Europe (EI),,2019,1936298100
Europe (EI),,2020,1858990600
European Union (27),,1980,455914620
European Union (27),,1981,425770140
European Union (27),,1982,436635330
European Union (27),,1983,517069200
European Union (27),,1984,549324100
European Union (27),,1985,546256830
European Union (27),,1986,538852200
European Union (27),,1987,521132830
European Union (27),,1988,542580800
European Union (27),,1989,529189340
European Union (27),,1990,578534660
European Union (27),,1991,588810700
European Union (27),,1992,538596860
European Union (27),,1993,491731600
European Union (27),,1994,501810100
European Union (27),,1995,516801020
European Union (27),,1996,508655550
European Union (27),,1997,479282140
European Union (27),,1998,491394660
European Union (27),,1999,518665180
European Union (27),,2000,535934340
European Union (27),,2001,552117500
European Union (27),,2002,453559940
European Union (27),,2003,458720160
European Union (27),,2004,445309700
European Union (27),,2005,429994460
European Union (27),,2006,411807600
European Union (27),,2007,404786240
European Union (27),,2008,360095900
European Union (27),,2009,438081000
European Union (27),,2010,435597540
European Union (27),,2011,419615650
European Union (27),,2012,397697950
European Union (27),,2013,384007170
European Union (27),,2014,374845150
European Union (27),,2015,350086340
European Union (27),,2016,321583260
European Union (27),,2017,324031940
European Union (27),,2018,324792500
European Union (27),,2019,321864770
European Union (27),,2020,330686100
Gabon,GAB,1980,64234172
Gabon,GAB,1981,63219764
Gabon,GAB,1982,65715470
Gabon,GAB,1983,74651720
Gabon,GAB,1984,84977200
Gabon,GAB,1985,89614800
Gabon,GAB,1986,88114400
Gabon,GAB,1987,130944000
Gabon,GAB,1988,126852000
Gabon,GAB,1989,130753040
Gabon,GAB,1990,117304000
Gabon,GAB,1991,119486400
Gabon,GAB,1992,104809760
Gabon,GAB,1993,90296800
Gabon,GAB,1994,190960000
Gabon,GAB,1995,200508000
Gabon,GAB,1996,381920000
Gabon,GAB,1997,364501730
Gabon,GAB,1998,349866020
Gabon,GAB,1999,349866020
Gabon,GAB,2000,330088000
Gabon,GAB,2001,327360000
Gabon,GAB,2002,323268000
Gabon,GAB,2003,311674020
Gabon,GAB,2004,298716000
Gabon,GAB,2005,292714400
Gabon,GAB,2006,293260000
Gabon,GAB,2007,272800000
Gabon,GAB,2008,272800000
Gabon,GAB,2009,272800000
Gabon,GAB,2010,272800000
Gabon,GAB,2011,272800000
Gabon,GAB,2012,272800000
Gabon,GAB,2013,272800000
Gabon,GAB,2014,272800000
Gabon,GAB,2015,272800000
Gabon,GAB,2016,272800000
Gabon,GAB,2017,272800000
Gabon,GAB,2018,272800000
Gabon,GAB,2019,272800000
Gabon,GAB,2020,272800000
High-income countries,,1980,50030910000
High-income countries,,1981,50344110000
High-income countries,,1982,49812610000
High-income countries,,1983,50449195000
High-income countries,,1984,54572225000
High-income countries,,1985,54747740000
High-income countries,,1986,63467155000
High-income countries,,1987,63662068000
High-income countries,,1988,75401840000
High-income countries,,1989,76294910000
High-income countries,,1990,76022450000
High-income countries,,1991,91678245000
High-income countries,,1992,91727500000
High-income countries,,1993,91436360000
High-income countries,,1994,92686780000
High-income countries,,1995,92790900000
High-income countries,,1996,93029330000
High-income countries,,1997,94349560000
High-income countries,,1998,94420770000
High-income countries,,1999,112506820000
High-income countries,,2000,113182490000
High-income countries,,2001,113032880000
High-income countries,,2002,113919550000
High-income countries,,2003,113421400000
High-income countries,,2004,113509570000
High-income countries,,2005,113586210000
High-income countries,,2006,113093460000
High-income countries,,2007,113363570000
High-income countries,,2008,112576230000
High-income countries,,2009,112488880000
High-income countries,,2010,112814750000
High-income countries,,2011,113421080000
High-income countries,,2012,114248850000
High-income countries,,2013,114505710000
High-income countries,,2014,114921430000
High-income countries,,2015,113846680000
High-income countries,,2016,114321056000
High-income countries,,2017,120204210000
High-income countries,,2018,121549730000
High-income countries,,2019,121330115000
High-income countries,,2020,121104060000
India,IND,1980,376049200
India,IND,1981,474999360
India,IND,1982,478041100
India,IND,1983,493768000
India,IND,1984,512864000
India,IND,1985,513042720
India,IND,1986,632214000
India,IND,1987,602287800
India,IND,1988,608821400
India,IND,1989,592712500
India,IND,1990,758815600
India,IND,1991,835531840
India,IND,1992,806123970
India,IND,1993,799304000
India,IND,1994,792115700
India,IND,1995,751533440
India,IND,1996,748421400
India,IND,1997,767309630
India,IND,1998,735777900
India,IND,1999,678209340
India,IND,2000,721542400
India,IND,2001,752036740
India,IND,2002,760613000
India,IND,2003,781730000
India,IND,2004,759103170
India,IND,2005,807335400
India,IND,2006,776481540
India,IND,2007,744641700
India,IND,2008,790860860
India,IND,2009,794239940
India,IND,2010,795647100
India,IND,2011,777960600
India,IND,2012,780168800
India,IND,2013,778984600
India,IND,2014,783401100
India,IND,2015,652819650
India,IND,2016,638111740
India,IND,2017,620465200
India,IND,2018,610605100
India,IND,2019,635707840
India,IND,2020,619705000
Indonesia,IDN,1980,1582649200
Indonesia,IDN,1981,1502855200
Indonesia,IDN,1982,1436837600
Indonesia,IDN,1983,1374912000
Indonesia,IDN,1984,1310940400
Indonesia,IDN,1985,1252152000
Indonesia,IDN,1986,1227600000
Indonesia,IDN,1987,1227600000
Indonesia,IDN,1988,1227600000
Indonesia,IDN,1989,697549600
Indonesia,IDN,1990,738606000
Indonesia,IDN,1991,805987600
Indonesia,IDN,1992,763567200
Indonesia,IDN,1993,704778750
Indonesia,IDN,1994,679272000
Indonesia,IDN,1995,679272000
Indonesia,IDN,1996,645172030
Indonesia,IDN,1997,664267970
Indonesia,IDN,1998,695640000
Indonesia,IDN,1999,709280000
Indonesia,IDN,2000,698368000
Indonesia,IDN,2001,695640000
Indonesia,IDN,2002,643808000
Indonesia,IDN,2003,645172030
Indonesia,IDN,2004,586520000
Indonesia,IDN,2005,571516000
Indonesia,IDN,2006,596068000
Indonesia,IDN,2007,544064100
Indonesia,IDN,2008,511159000
Indonesia,IDN,2009,586929200
Indonesia,IDN,2010,576972000
Indonesia,IDN,2011,510317400
Indonesia,IDN,2012,510317400
Indonesia,IDN,2013,503657020
Indonesia,IDN,2014,494381800
Indonesia,IDN,2015,491385100
Indonesia,IDN,2016,451061150
Indonesia,IDN,2017,432510800
Indonesia,IDN,2018,430246530
Indonesia,IDN,2019,338813500
Indonesia,IDN,2020,332816000
Iran,IRN,1980,7951574500
Iran,IRN,1981,7777528000
Iran,IRN,1982,7658587000
Iran,IRN,1983,7537054700
Iran,IRN,1984,8030414000
Iran,IRN,1985,8047600000
Iran,IRN,1986,12666104000
Iran,IRN,1987,12666104000
Iran,IRN,1988,12666104000
Iran,IRN,1989,12666104000
Iran,IRN,1990,12664740000
Iran,IRN,1991,12666104000
Iran,IRN,1992,12666104000
Iran,IRN,1993,12666104000
Iran,IRN,1994,12862520000
Iran,IRN,1995,12780679000
Iran,IRN,1996,12630640000
Iran,IRN,1997,12630640000
Iran,IRN,1998,12780679000
Iran,IRN,1999,12698840000
Iran,IRN,2000,13575892000
Iran,IRN,2001,13514512000
Iran,IRN,2002,17826116000
Iran,IRN,2003,18175300000
Iran,IRN,2004,18105737000
Iran,IRN,2005,18753636000
Iran,IRN,2006,18877760000
Iran,IRN,2007,18570858000
Iran,IRN,2008,18771368000
Iran,IRN,2009,18688164000
Iran,IRN,2010,20619588000
Iran,IRN,2011,21084713000
Iran,IRN,2012,21455720000
Iran,IRN,2013,21523920000
Iran,IRN,2014,21487092000
Iran,IRN,2015,21605759000
Iran,IRN,2016,21442079000
Iran,IRN,2017,21223842000
Iran,IRN,2018,21223842000
Iran,IRN,2019,21523920000
Iran,IRN,2020,21523920000
Iraq,IRQ,1980,4092000000
Iraq,IRQ,1981,4364800000
Iraq,IRQ,1982,8047600000
Iraq,IRQ,1983,8866000000
Iraq,IRQ,1984,8866000000
Iraq,IRQ,1985,8866000000
Iraq,IRQ,1986,9820800000
Iraq,IRQ,1987,13640000000
Iraq,IRQ,1988,13640000000
Iraq,IRQ,1989,13640000000
Iraq,IRQ,1990,13640000000
Iraq,IRQ,1991,13640000000
Iraq,IRQ,1992,13640000000
Iraq,IRQ,1993,13640000000
Iraq,IRQ,1994,13640000000
Iraq,IRQ,1995,13640000000
Iraq,IRQ,1996,15276800000
Iraq,IRQ,1997,15345000000
Iraq,IRQ,1998,15345000000
Iraq,IRQ,1999,15345000000
Iraq,IRQ,2000,15345000000
Iraq,IRQ,2001,15686000000
Iraq,IRQ,2002,15686000000
Iraq,IRQ,2003,15686000000
Iraq,IRQ,2004,15686000000
Iraq,IRQ,2005,15686000000
Iraq,IRQ,2006,15686000000
Iraq,IRQ,2007,15686000000
Iraq,IRQ,2008,15686000000
Iraq,IRQ,2009,15686000000
Iraq,IRQ,2010,15686000000
Iraq,IRQ,2011,19518840000
Iraq,IRQ,2012,19136920000
Iraq,IRQ,2013,19670380000
Iraq,IRQ,2014,19514612000
Iraq,IRQ,2015,19437410000
Iraq,IRQ,2016,20291682000
Iraq,IRQ,2017,20081218000
Iraq,IRQ,2018,19780592000
Iraq,IRQ,2019,19780592000
Iraq,IRQ,2020,19780592000
Italy,ITA,1980,51620580
Italy,ITA,1981,51620580
Italy,ITA,1982,56782636
Italy,ITA,1983,58847460
Italy,ITA,1984,84657750
Italy,ITA,1985,86722580
Italy,ITA,1986,87754990
Italy,ITA,1987,92917040
Italy,ITA,1988,109435624
Italy,ITA,1989,104273576
Italy,ITA,1990,104273576
Italy,ITA,1991,112532870
Italy,ITA,1992,87754990
Italy,ITA,1993,87754990
Italy,ITA,1994,103241160
Italy,ITA,1995,105305980
Italy,ITA,1996,103241160
Italy,ITA,1997,87754990
Italy,ITA,1998,86722580
Italy,ITA,1999,86722580
Italy,ITA,2000,81560510
Italy,ITA,2001,77430870
Italy,ITA,2002,75578730
Italy,ITA,2003,68896960
Italy,ITA,2004,63112356
Italy,ITA,2005,62700420
Italy,ITA,2006,61446044
Italy,ITA,2007,62263710
Italy,ITA,2008,64042556
Italy,ITA,2009,72018970
Italy,ITA,2010,79078600
Italy,ITA,2011,78795720
Italy,ITA,2012,84724856
Italy,ITA,2013,82309010
Italy,ITA,2014,87555730
Italy,ITA,2015,84152904
Italy,ITA,2016,73733810
Italy,ITA,2017,80780020
Italy,ITA,2018,78289830
Italy,ITA,2019,75266936
Italy,ITA,2020,82395736
Kazakhstan,KAZ,1991,707506750
Kazakhstan,KAZ,1992,707506750
Kazakhstan,KAZ,1993,707506750
Kazakhstan,KAZ,1994,725375170
Kazakhstan,KAZ,1995,725375170
Kazakhstan,KAZ,1996,725375170
Kazakhstan,KAZ,1997,725375170
Kazakhstan,KAZ,1998,736560000
Kazakhstan,KAZ,1999,736560000
Kazakhstan,KAZ,2000,736560000
Kazakhstan,KAZ,2001,736560000
Kazakhstan,KAZ,2002,736560000
Kazakhstan,KAZ,2003,1227600000
Kazakhstan,KAZ,2004,1227600000
Kazakhstan,KAZ,2005,1227600000
Kazakhstan,KAZ,2006,1227600000
Kazakhstan,KAZ,2007,4092000000
Kazakhstan,KAZ,2008,4092000000
Kazakhstan,KAZ,2009,4092000000
Kazakhstan,KAZ,2010,4092000000
Kazakhstan,KAZ,2011,4092000000
Kazakhstan,KAZ,2012,4092000000
Kazakhstan,KAZ,2013,4092000000
Kazakhstan,KAZ,2014,4092000000
Kazakhstan,KAZ,2015,4092000000
Kazakhstan,KAZ,2016,4092000000
Kazakhstan,KAZ,2017,4092000000
Kazakhstan,KAZ,2018,4092000000
Kazakhstan,KAZ,2019,4092000000
Kazakhstan,KAZ,2020,4092000000
Kuwait,KWT,1980,9265652000
Kuwait,KWT,1981,9238372000
Kuwait,KWT,1982,9159260000
Kuwait,KWT,1983,9138800000
Kuwait,KWT,1984,12645644000
Kuwait,KWT,1985,12612089000
Kuwait,KWT,1986,12892801000
Kuwait,KWT,1987,12893211000
Kuwait,KWT,1988,12893211000
Kuwait,KWT,1989,13247850000
Kuwait,KWT,1990,13234210000
Kuwait,KWT,1991,13162600000
Kuwait,KWT,1992,13162600000
Kuwait,KWT,1993,13162600000
Kuwait,KWT,1994,13162600000
Kuwait,KWT,1995,13162600000
Kuwait,KWT,1996,13162600000
Kuwait,KWT,1997,13162600000
Kuwait,KWT,1998,13162600000
Kuwait,KWT,1999,13162600000
Kuwait,KWT,2000,13162600000
Kuwait,KWT,2001,13162600000
Kuwait,KWT,2002,13162600000
Kuwait,KWT,2003,13503600000
Kuwait,KWT,2004,13844600000
Kuwait,KWT,2005,13844600000
Kuwait,KWT,2006,13844600000
Kuwait,KWT,2007,13844600000
Kuwait,KWT,2008,13844600000
Kuwait,KWT,2009,13844600000
Kuwait,KWT,2010,13844600000
Kuwait,KWT,2011,13844600000
Kuwait,KWT,2012,13844600000
Kuwait,KWT,2013,13844600000
Kuwait,KWT,2014,13844600000
Kuwait,KWT,2015,13844600000
Kuwait,KWT,2016,13844600000
Kuwait,KWT,2017,13844600000
Kuwait,KWT,2018,13844600000
Kuwait,KWT,2019,13844600000
Kuwait,KWT,2020,13844600000
Libya,LBY,1980,2773012000
Libya,LBY,1981,3082640100
Libya,LBY,1982,3026170600
Libya,LBY,1983,2971337700
Libya,LBY,1984,2922369800
Libya,LBY,1985,2905320000
Libya,LBY,1986,3109920000
Libya,LBY,1987,3109920000
Libya,LBY,1988,3109920000
Libya,LBY,1989,3109920000
Libya,LBY,1990,3109920000
Libya,LBY,1991,3109920000
Libya,LBY,1992,3109920000
Libya,LBY,1993,3109920000
Libya,LBY,1994,3109920000
Libya,LBY,1995,4023800000
Libya,LBY,1996,4023800000
Libya,LBY,1997,4023800000
Libya,LBY,1998,4023800000
Libya,LBY,1999,4023800000
Libya,LBY,2000,4910400000
Libya,LBY,2001,4910400000
Libya,LBY,2002,4910400000
Libya,LBY,2003,5336786400
Libya,LBY,2004,5336786400
Libya,LBY,2005,5655689700
Libya,LBY,2006,5655689700
Libya,LBY,2007,5955633000
Libya,LBY,2008,6038564400
Libya,LBY,2009,6331961000
Libya,LBY,2010,6424030700
Libya,LBY,2011,6549110000
Libya,LBY,2012,6611581000
Libya,LBY,2013,6596713000
Libya,LBY,2014,6596713000
Libya,LBY,2015,6596713000
Libya,LBY,2016,6596713000
Libya,LBY,2017,6596713000
Libya,LBY,2018,6596713000
Libya,LBY,2019,6596713000
Libya,LBY,2020,6596713000
Low-income countries,,1980,198056620
Low-income countries,,1981,285076000
Low-income countries,,1982,293260000
Low-income countries,,1983,240064000
Low-income countries,,1984,231539000
Low-income countries,,1985,319176000
Low-income countries,,1986,330088000
Low-income countries,,1987,418748000
Low-income countries,,1988,559240000
Low-income countries,,1989,586520000
Low-income countries,,1990,570152000
Low-income countries,,1991,724284000
Low-income countries,,1992,724284000
Low-income countries,,1993,714190400
Low-income countries,,1994,673270400
Low-income countries,,1995,660776100
Low-income countries,,1996,645990400
Low-income countries,,1997,605084000
Low-income countries,,1998,601810400
Low-income countries,,1999,601810400
Low-income countries,,2000,803000450
Low-income countries,,2001,844043200
Low-income countries,,2002,899967170
Low-income countries,,2003,914971200
Low-income countries,,2004,1039640770
Low-income countries,,2005,1088976600
Low-income countries,,2006,1674992000
Low-income countries,,2007,1591788000
Low-income countries,,2008,1591788000
Low-income countries,,2009,1636800000
Low-income countries,,2010,1636800000
Low-income countries,,2011,1636800000
Low-income countries,,2012,1636800000
Low-income countries,,2013,1636800000
Low-income countries,,2014,1636800000
Low-income countries,,2015,1636800000
Low-income countries,,2016,1636800000
Low-income countries,,2017,1636800000
Low-income countries,,2018,1636800000
Low-income countries,,2019,1636800000
Low-income countries,,2020,1636800000
Lower-middle-income countries,,1980,3632938000
Lower-middle-income countries,,1981,3798077700
Lower-middle-income countries,,1982,3903420200
Lower-middle-income countries,,1983,3968883200
Lower-middle-income countries,,1984,3982338600
Lower-middle-income countries,,1985,3916768300
Lower-middle-income countries,,1986,3965598200
Lower-middle-income countries,,1987,4026869000
Lower-middle-income countries,,1988,3999943700
Lower-middle-income countries,,1989,4001826000
Lower-middle-income countries,,1990,4152154400
Lower-middle-income countries,,1991,4461903400
Lower-middle-income countries,,1992,4565949000
Lower-middle-income countries,,1993,4645102000
Lower-middle-income countries,,1994,4958945000
Lower-middle-income countries,,1995,4913104400
Lower-middle-income countries,,1996,5084672500
Lower-middle-income countries,,1997,5161613000
Lower-middle-income countries,,1998,5478501400
Lower-middle-income countries,,1999,6436881000
Lower-middle-income countries,,2000,6596838000
Lower-middle-income countries,,2001,7094625000
Lower-middle-income countries,,2002,7880147500
Lower-middle-income countries,,2003,8088664600
Lower-middle-income countries,,2004,8216596000
Lower-middle-income countries,,2005,8332279300
Lower-middle-income countries,,2006,8500814000
Lower-middle-income countries,,2007,8562408000
Lower-middle-income countries,,2008,8803133000
Lower-middle-income countries,,2009,8789872000
Lower-middle-income countries,,2010,8730581000
Lower-middle-income countries,,2011,8555625500
Lower-middle-income countries,,2012,8665862000
Lower-middle-income countries,,2013,8700278000
Lower-middle-income countries,,2014,8672505000
Lower-middle-income countries,,2015,8626764000
Lower-middle-income countries,,2016,8653112000
Lower-middle-income countries,,2017,8472058400
Lower-middle-income countries,,2018,8348577300
Lower-middle-income countries,,2019,8290475500
Lower-middle-income countries,,2020,8274473000
Malaysia,MYS,1980,197814240
Malaysia,MYS,1981,196274820
Malaysia,MYS,1982,219793600
Malaysia,MYS,1983,252463300
Malaysia,MYS,1984,262212910
Malaysia,MYS,1985,258535420
Malaysia,MYS,1986,248529260
Malaysia,MYS,1987,249897620
Malaysia,MYS,1988,261186620
Malaysia,MYS,1989,251693600
Malaysia,MYS,1990,260416930
Malaysia,MYS,1991,480125000
Malaysia,MYS,1992,522971940
Malaysia,MYS,1993,367748030
Malaysia,MYS,1994,351669760
Malaysia,MYS,1995,342091200
Malaysia,MYS,1996,329262800
Malaysia,MYS,1997,331828480
Malaysia,MYS,1998,292487970
Malaysia,MYS,1999,289922300
Malaysia,MYS,2000,289922300
Malaysia,MYS,2001,361761440
Malaysia,MYS,2002,389128740
Malaysia,MYS,2003,413075100
Malaysia,MYS,2004,453270850
Malaysia,MYS,2005,449336800
Malaysia,MYS,2006,369116380
Malaysia,MYS,2007,466783460
Malaysia,MYS,2008,471829280
Malaysia,MYS,2009,495677600
Malaysia,MYS,2010,487220800
Malaysia,MYS,2011,509999600
Malaysia,MYS,2012,503043200
Malaysia,MYS,2013,518320000
Malaysia,MYS,2014,491040000
Malaysia,MYS,2015,411655200
Malaysia,MYS,2016,386775840
Malaysia,MYS,2017,372617540
Malaysia,MYS,2018,372617540
Malaysia,MYS,2019,372617540
Malaysia,MYS,2020,372617540
Mexico,MEX,1980,6441353000
Mexico,MEX,1981,7215560000
Mexico,MEX,1982,7501863400
Mexico,MEX,1983,7501863400
Mexico,MEX,1984,4061078000
Mexico,MEX,1985,4006218000
Mexico,MEX,1986,3957482200
Mexico,MEX,1987,3885804300
Mexico,MEX,1988,3804277800
Mexico,MEX,1989,3725929700
Mexico,MEX,1990,3669705500
Mexico,MEX,1991,3647458800
Mexico,MEX,1992,3662667300
Mexico,MEX,1993,3628390100
Mexico,MEX,1994,3551255800
Mexico,MEX,1995,3469252400
Mexico,MEX,1996,3402948000
Mexico,MEX,1997,5321782300
Mexico,MEX,1998,5601129500
Mexico,MEX,1999,3369097700
Mexico,MEX,2000,3359706600
Mexico,MEX,2001,3227275800
Mexico,MEX,2002,3057957000
Mexico,MEX,2003,2062853600
Mexico,MEX,2004,1925916200
Mexico,MEX,2005,1757129300
Mexico,MEX,2006,1611409200
Mexico,MEX,2007,1506888600
Mexico,MEX,2008,1432369200
Mexico,MEX,2009,1419132800
Mexico,MEX,2010,1421233400
Mexico,MEX,2011,1385960400
Mexico,MEX,2012,1367409900
Mexico,MEX,2013,1373983100
Mexico,MEX,2014,1338369000
Mexico,MEX,2015,1324576300
Mexico,MEX,2016,1042192830
Mexico,MEX,2017,959848200
Mexico,MEX,2018,881712800
Mexico,MEX,2019,827386000
Mexico,MEX,2020,827386000
Middle East (EI),,1980,49432870000
Middle East (EI),,1981,49822163000
Middle East (EI),,1982,53046235000
Middle East (EI),,1983,54140000000
Middle East (EI),,1984,58755015000
Middle East (EI),,1985,58888210000
Middle East (EI),,1986,73264220000
Middle East (EI),,1987,77281090000
Middle East (EI),,1988,89073920000
Middle East (EI),,1989,90164404000
Middle East (EI),,1990,89971400000
Middle East (EI),,1991,90135890000
Middle East (EI),,1992,90241340000
Middle East (EI),,1993,90287580000
Middle East (EI),,1994,90509885000
Middle East (EI),,1995,90475250000
Middle East (EI),,1996,91932960000
Middle East (EI),,1997,93192350000
Middle East (EI),,1998,93466980000
Middle East (EI),,1999,93547725000
Middle East (EI),,2000,95028320000
Middle East (EI),,2001,95298230000
Middle East (EI),,2002,101119580000
Middle East (EI),,2003,101719220000
Middle East (EI),,2004,102310010000
Middle East (EI),,2005,103054480000
Middle East (EI),,2006,103100220000
Middle East (EI),,2007,102688950000
Middle East (EI),,2008,102802700000
Middle East (EI),,2009,102725026000
Middle East (EI),,2010,104475165000
Middle East (EI),,2011,108838584000
Middle East (EI),,2012,109018830000
Middle East (EI),,2013,109515290000
Middle East (EI),,2014,109539060000
Middle East (EI),,2015,109518980000
Middle East (EI),,2016,110175450000
Middle East (EI),,2017,113803060000
Middle East (EI),,2018,113739010000
Middle East (EI),,2019,114031550000
Middle East (EI),,2020,114022450000
Nigeria,NGA,1980,2277880000
Nigeria,NGA,1981,2250600000
Nigeria,NGA,1982,2284700000
Nigeria,NGA,1983,2257419800
Nigeria,NGA,1984,2271060000
Nigeria,NGA,1985,2264240000
Nigeria,NGA,1986,2191402500
Nigeria,NGA,1987,2179672000
Nigeria,NGA,1988,2182400000
Nigeria,NGA,1989,2182400000
Nigeria,NGA,1990,2332440000
Nigeria,NGA,1991,2728000000
Nigeria,NGA,1992,2863172400
Nigeria,NGA,1993,2863172400
Nigeria,NGA,1994,2863172400
Nigeria,NGA,1995,2840939000
Nigeria,NGA,1996,2840939000
Nigeria,NGA,1997,2840939000
Nigeria,NGA,1998,3069000000
Nigeria,NGA,1999,3955600000
Nigeria,NGA,2000,3955600000
Nigeria,NGA,2001,4297418000
Nigeria,NGA,2002,4685203500
Nigeria,NGA,2003,4808782300
Nigeria,NGA,2004,4893486000
Nigeria,NGA,2005,4940408300
Nigeria,NGA,2006,5074080300
Nigeria,NGA,2007,5074080300
Nigeria,NGA,2008,5074080300
Nigeria,NGA,2009,5074080300
Nigeria,NGA,2010,5074080300
Nigeria,NGA,2011,4944091000
Nigeria,NGA,2012,5065760000
Nigeria,NGA,2013,5056484400
Nigeria,NGA,2014,5107907600
Nigeria,NGA,2015,5055257000
Nigeria,NGA,2016,5108589000
Nigeria,NGA,2017,5108589000
Nigeria,NGA,2018,5042981000
Nigeria,NGA,2019,5031795700
Nigeria,NGA,2020,5031795700
Non-OECD (EI),,1980,73803460000
Non-OECD (EI),,1981,74121770000
Non-OECD (EI),,1982,78249000000
Non-OECD (EI),,1983,79801810000
Non-OECD (EI),,1984,84852170000
Non-OECD (EI),,1985,88529130000
Non-OECD (EI),,1986,102944090000
Non-OECD (EI),,1987,107226915000
Non-OECD (EI),,1988,119185990000
Non-OECD (EI),,1989,119554470000
Non-OECD (EI),,1990,119864810000
Non-OECD (EI),,1991,129915770000
Non-OECD (EI),,1992,130294140000
Non-OECD (EI),,1993,130469700000
Non-OECD (EI),,1994,131259790000
Non-OECD (EI),,1995,132291110000
Non-OECD (EI),,1996,135171150000
Non-OECD (EI),,1997,136939990000
Non-OECD (EI),,1998,137932520000
Non-OECD (EI),,1999,138911060000
Non-OECD (EI),,2000,141616820000
Non-OECD (EI),,2001,142668960000
Non-OECD (EI),,2002,149942750000
Non-OECD (EI),,2003,151536240000
Non-OECD (EI),,2004,152774980000
Non-OECD (EI),,2005,153839710000
Non-OECD (EI),,2006,155845820000
Non-OECD (EI),,2007,160762180000
Non-OECD (EI),,2008,171168100000
Non-OECD (EI),,2009,176732820000
Non-OECD (EI),,2010,190734220000
Non-OECD (EI),,2011,195254100000
Non-OECD (EI),,2012,195915400000
Non-OECD (EI),,2013,196599920000
Non-OECD (EI),,2014,196528870000
Non-OECD (EI),,2015,196023200000
Non-OECD (EI),,2016,197186490000
Non-OECD (EI),,2017,200709690000
Non-OECD (EI),,2018,200834710000
Non-OECD (EI),,2019,200962200000
Non-OECD (EI),,2020,200835830000
Non-OPEC (EI),,1980,35551790000
Non-OPEC (EI),,1981,36145040000
Non-OPEC (EI),,1982,36300386000
Non-OPEC (EI),,1983,36726050000
Non-OPEC (EI),,1984,33678020000
Non-OPEC (EI),,1985,33923615000
Non-OPEC (EI),,1986,33732325000
Non-OPEC (EI),,1987,33681365000
Non-OPEC (EI),,1988,33939984000
Non-OPEC (EI),,1989,32901876000
Non-OPEC (EI),,1990,32762642000
Non-OPEC (EI),,1991,41803985000
Non-OPEC (EI),,1992,42112905000
Non-OPEC (EI),,1993,41817215000
Non-OPEC (EI),,1994,42987740000
Non-OPEC (EI),,1995,43077680000
Non-OPEC (EI),,1996,43438630000
Non-OPEC (EI),,1997,46790754000
Non-OPEC (EI),,1998,47373537000
Non-OPEC (EI),,1999,62886932000
Non-OPEC (EI),,2000,63830860000
Non-OPEC (EI),,2001,63849644000
Non-OPEC (EI),,2002,65669345000
Non-OPEC (EI),,2003,64513640000
Non-OPEC (EI),,2004,64464548000
Non-OPEC (EI),,2005,64329100000
Non-OPEC (EI),,2006,64501060000
Non-OPEC (EI),,2007,67665527000
Non-OPEC (EI),,2008,67077874000
Non-OPEC (EI),,2009,67134550000
Non-OPEC (EI),,2010,68083060000
Non-OPEC (EI),,2011,68620476000
Non-OPEC (EI),,2012,69633660000
Non-OPEC (EI),,2013,70030300000
Non-OPEC (EI),,2014,70328705000
Non-OPEC (EI),,2015,68627710000
Non-OPEC (EI),,2016,68600467000
Non-OPEC (EI),,2017,70218760000
Non-OPEC (EI),,2018,71333280000
Non-OPEC (EI),,2019,70940250000
Non-OPEC (EI),,2020,70613790000
North America,,1980,16893894000
North America,,1981,17751142000
North America,,1982,17871550000
North America,,1983,17959279000
North America,,1984,14589899000
North America,,1985,14633284000
North America,,1986,14422091000
North America,,1987,14419125000
North America,,1988,14326687000
North America,,1989,14117469000
North America,,1990,13863700000
North America,,1991,13579692000
North America,,1992,13397671000
North America,,1993,13208420000
North America,,1994,14236315000
North America,,1995,14213911000
North America,,1996,14247474000
North America,,1997,16237642000
North America,,1998,16393256000
North America,,1999,32293048000
North America,,2000,32378092000
North America,,2001,32190454000
North America,,2002,32001503000
North America,,2003,30726498000
North America,,2004,30526820000
North America,,2005,30506037000
North America,,2006,30200816000
North America,,2007,30173400000
North America,,2008,29472924000
North America,,2009,29615360000
North America,,2010,30156351000
North America,,2011,30682208000
North America,,2012,31201649000
North America,,2013,31699868000
North America,,2014,32430475000
North America,,2015,31363623000
North America,,2016,31150760000
North America,,2017,32777558000
North America,,2018,33599867000
North America,,2019,33307621000
North America,,2020,33166135000
North America (EI),,1980,16816009000
North America (EI),,1981,17673257000
North America (EI),,1982,17785209000
North America (EI),,1983,17885622000
North America (EI),,1984,14512151000
North America (EI),,1985,14549806000
North America (EI),,1986,14345161000
North America (EI),,1987,14334625000
North America (EI),,1988,14243073000
North America (EI),,1989,14033092000
North America (EI),,1990,13781560000
North America (EI),,1991,13501590000
North America (EI),,1992,13323877000
North America (EI),,1993,13132023000
North America (EI),,1994,14159930000
North America (EI),,1995,14124350000
North America (EI),,1996,14148899000
North America (EI),,1997,16141316000
North America (EI),,1998,16292310000
North America (EI),,1999,32181068000
North America (EI),,2000,32262007000
North America (EI),,2001,32059500000
North America (EI),,2002,31848042000
North America (EI),,2003,30604956000
North America (EI),,2004,30416472000
North America (EI),,2005,30396506000
North America (EI),,2006,30092542000
North America (EI),,2007,30054595000
North America (EI),,2008,29359712000
North America (EI),,2009,29502149000
North America (EI),,2010,30043138000
North America (EI),,2011,30568995000
North America (EI),,2012,31088437000
North America (EI),,2013,31586656000
North America (EI),,2014,32317264000
North America (EI),,2015,31264283000
North America (EI),,2016,31117620000
North America (EI),,2017,32744415000
North America (EI),,2018,33566726000
North America (EI),,2019,33274479000
North America (EI),,2020,33132990000
Norway,NOR,1980,539061200
Norway,NOR,1981,539456500
Norway,NOR,1982,520582050
Norway,NOR,1983,666588300
Norway,NOR,1984,676804350
Norway,NOR,1985,805122900
Norway,NOR,1986,885693630
Norway,NOR,1987,905161900
Norway,NOR,1988,1112542500
Norway,NOR,1989,1148710900
Norway,NOR,1990,1177210100
Norway,NOR,1991,1201831800
Norway,NOR,1992,1328911100
Norway,NOR,1993,1304811500
Norway,NOR,1994,1323685900
Norway,NOR,1995,1473718900
Norway,NOR,1996,1593454300
Norway,NOR,1997,1642368100
Norway,NOR,1998,1590836700
Norway,NOR,1999,1491937500
Norway,NOR,2000,1550355800
Norway,NOR,2001,1581827000
Norway,NOR,2002,1425130100
Norway,NOR,2003,1384333000
Norway,NOR,2004,1326072800
Norway,NOR,2005,1321455200
Norway,NOR,2006,1165639800
Norway,NOR,2007,1114164100
Norway,NOR,2008,1021744830
Norway,NOR,2009,965398140
Norway,NOR,2010,928064600
Norway,NOR,2011,938887200
Norway,NOR,2012,1022263940
Norway,NOR,2013,961277600
Norway,NOR,2014,891950140
Norway,NOR,2015,1091887600
Norway,NOR,2016,1036806340
Norway,NOR,2017,1080014700
Norway,NOR,2018,1179111800
Norway,NOR,2019,1162535700
Norway,NOR,2020,1077792500
OECD (EI),,1980,19306047000
OECD (EI),,1981,20149932000
OECD (EI),,1982,20264140000
OECD (EI),,1983,20334774000
OECD (EI),,1984,16951565000
OECD (EI),,1985,17079358000
OECD (EI),,1986,17031461000
OECD (EI),,1987,17047921000
OECD (EI),,1988,17144559000
OECD (EI),,1989,16869349000
OECD (EI),,1990,16658743000
OECD (EI),,1991,16420985000
OECD (EI),,1992,16589166000
OECD (EI),,1993,16343808000
OECD (EI),,1994,17437774000
OECD (EI),,1995,17572182000
OECD (EI),,1996,17767900000
OECD (EI),,1997,19808578000
OECD (EI),,1998,19967844000
OECD (EI),,1999,35716936000
OECD (EI),,2000,35829230000
OECD (EI),,2001,35633648000
OECD (EI),,2002,35162526000
OECD (EI),,2003,33737507000
OECD (EI),,2004,33447710000
OECD (EI),,2005,33368457000
OECD (EI),,2006,32831623000
OECD (EI),,2007,32697426000
OECD (EI),,2008,31917218000
OECD (EI),,2009,31998580000
OECD (EI),,2010,32537119000
OECD (EI),,2011,33114923000
OECD (EI),,2012,33723103000
OECD (EI),,2013,34174530000
OECD (EI),,2014,34592395000
OECD (EI),,2015,33661166000
OECD (EI),,2016,33367898000
OECD (EI),,2017,35012874000
OECD (EI),,2018,35975328000
OECD (EI),,2019,35665977000
OECD (EI),,2020,35458912000
OPEC (EI),,1980,57557713000
OPEC (EI),,1981,58126660000
OPEC (EI),,1982,62212750000
OPEC (EI),,1983,63410540000
OPEC (EI),,1984,68125720000
OPEC (EI),,1985,71684880000
OPEC (EI),,1986,86243220000
OPEC (EI),,1987,90593470000
OPEC (EI),,1988,102390570000
OPEC (EI),,1989,103521950000
OPEC (EI),,1990,103760910000
OPEC (EI),,1991,104532780000
OPEC (EI),,1992,104770400000
OPEC (EI),,1993,104996290000
OPEC (EI),,1994,105709820000
OPEC (EI),,1995,106785600000
OPEC (EI),,1996,109500420000
OPEC (EI),,1997,109957810000
OPEC (EI),,1998,110526830000
OPEC (EI),,1999,111741060000
OPEC (EI),,2000,113615190000
OPEC (EI),,2001,114452955000
OPEC (EI),,2002,119435936000
OPEC (EI),,2003,120760110000
OPEC (EI),,2004,121758150000
OPEC (EI),,2005,122879074000
OPEC (EI),,2006,124176376000
OPEC (EI),,2007,125794080000
OPEC (EI),,2008,136007440000
OPEC (EI),,2009,141596840000
OPEC (EI),,2010,155188280000
OPEC (EI),,2011,159748540000
OPEC (EI),,2012,160004850000
OPEC (EI),,2013,160744160000
OPEC (EI),,2014,160792580000
OPEC (EI),,2015,161056670000
OPEC (EI),,2016,161953920000
OPEC (EI),,2017,165503800000
OPEC (EI),,2018,165476760000
OPEC (EI),,2019,165687900000
OPEC (EI),,2020,165680960000
Oceania,,1980,289551420
Oceania,,1981,357156350
Oceania,,1982,399795460
Oceania,,1983,339740350
Oceania,,1984,349177600
Oceania,,1985,335450720
Oceania,,1986,392074100
Oceania,,1987,396363740
Oceania,,1988,434970620
Oceania,,1989,422959580
Oceania,,1990,430680960
Oceania,,1991,440118180
Oceania,,1992,439260260
Oceania,,1993,444407840
Oceania,,1994,520763650
Oceania,,1995,518189860
Oceania,,1996,520763650
Oceania,,1997,550791200
Oceania,,1998,651169000
Oceania,,1999,646879360
Oceania,,2000,674333100
Oceania,,2001,676048960
Oceania,,2002,623715260
Oceania,,2003,511423360
Oceania,,2004,530495140
Oceania,,2005,507181730
Oceania,,2006,479380480
Oceania,,2007,467710080
Oceania,,2008,578226940
Oceania,,2009,553975000
Oceania,,2010,522559260
Oceania,,2011,528269630
Oceania,,2012,534956350
Oceania,,2013,539802800
Oceania,,2014,326042660
Oceania,,2015,326042660
Oceania,,2016,326042660
Oceania,,2017,326042660
Oceania,,2018,326042660
Oceania,,2019,326042660
Oceania,,2020,326042660
Oman,OMN,1980,338817600
Oman,OMN,1981,401288800
Oman,OMN,1982,463760000
Oman,OMN,1983,477400000
Oman,OMN,1984,531960000
Oman,OMN,1985,554738800
Oman,OMN,1986,550646850
Oman,OMN,1987,559949250
Oman,OMN,1988,564968800
Oman,OMN,1989,585278800
Oman,OMN,1990,593749250
Oman,OMN,1991,593339970
Oman,OMN,1992,646536000
Oman,OMN,1993,682000000
Oman,OMN,1994,695640000
Oman,OMN,1995,709280000
Oman,OMN,1996,722920000
Oman,OMN,1997,736423600
Oman,OMN,1998,736560000
Oman,OMN,1999,783481600
Oman,OMN,2000,797667200
Oman,OMN,2001,804760000
Oman,OMN,2002,778298400
Oman,OMN,2003,760020800
Oman,OMN,2004,760020800
Oman,OMN,2005,760020800
Oman,OMN,2006,760020800
Oman,OMN,2007,760020800
Oman,OMN,2008,760020800
Oman,OMN,2009,750200000
Oman,OMN,2010,750200000
Oman,OMN,2011,750200000
Oman,OMN,2012,750200000
Oman,OMN,2013,678494500
Oman,OMN,2014,702596400
Oman,OMN,2015,723738430
Oman,OMN,2016,732877250
Oman,OMN,2017,732877250
Oman,OMN,2018,732877250
Oman,OMN,2019,732877250
Oman,OMN,2020,732877250
Other Africa (EI),,1980,76126200
Other Africa (EI),,1981,78503520
Other Africa (EI),,1982,88693416
Other Africa (EI),,1983,96854100
Other Africa (EI),,1984,134019820
Other Africa (EI),,1985,137270690
Other Africa (EI),,1986,133911620
Other Africa (EI),,1987,130204710
Other Africa (EI),,1988,130432960
Other Africa (EI),,1989,123841200
Other Africa (EI),,1990,121220050
Other Africa (EI),,1991,110740750
Other Africa (EI),,1992,103415850
Other Africa (EI),,1993,86542120
Other Africa (EI),,1994,79336520
Other Africa (EI),,1995,90737100
Other Africa (EI),,1996,91488664
Other Africa (EI),,1997,94591490
Other Africa (EI),,1998,95409896
Other Africa (EI),,1999,95265030
Other Africa (EI),,2000,92522850
Other Africa (EI),,2001,83836616
Other Africa (EI),,2002,77671340
Other Africa (EI),,2003,75625340
Other Africa (EI),,2004,76812024
Other Africa (EI),,2005,74473990
Other Africa (EI),,2006,89277340
Other Africa (EI),,2007,89897700
Other Africa (EI),,2008,89790760
Other Africa (EI),,2009,84771240
Other Africa (EI),,2010,309099040
Other Africa (EI),,2011,296809400
Other Africa (EI),,2012,501012480
Other Africa (EI),,2013,501053400
Other Africa (EI),,2014,511452060
Other Africa (EI),,2015,545460200
Other Africa (EI),,2016,538994400
Other Africa (EI),,2017,530046460
Other Africa (EI),,2018,519325280
Other Africa (EI),,2019,509983780
Other Africa (EI),,2020,521450400
Other Asia Pacific (EI),,1980,135460210
Other Asia Pacific (EI),,1981,148411400
Other Asia Pacific (EI),,1982,147805760
Other Asia Pacific (EI),,1983,151375630
Other Asia Pacific (EI),,1984,150075180
Other Asia Pacific (EI),,1985,159588000
Other Asia Pacific (EI),,1986,92588320
Other Asia Pacific (EI),,1987,91456200
Other Asia Pacific (EI),,1988,133085480
Other Asia Pacific (EI),,1989,128966200
Other Asia Pacific (EI),,1990,137109280
Other Asia Pacific (EI),,1991,124569760
Other Asia Pacific (EI),,1992,118228790
Other Asia Pacific (EI),,1993,148604110
Other Asia Pacific (EI),,1994,147691600
Other Asia Pacific (EI),,1995,146331820
Other Asia Pacific (EI),,1996,181604200
Other Asia Pacific (EI),,1997,163264660
Other Asia Pacific (EI),,1998,182756640
Other Asia Pacific (EI),,1999,193293390
Other Asia Pacific (EI),,2000,178358270
Other Asia Pacific (EI),,2001,170090750
Other Asia Pacific (EI),,2002,151942780
Other Asia Pacific (EI),,2003,194893760
Other Asia Pacific (EI),,2004,197956560
Other Asia Pacific (EI),,2005,193076020
Other Asia Pacific (EI),,2006,189703900
Other Asia Pacific (EI),,2007,172961460
Other Asia Pacific (EI),,2008,171790960
Other Asia Pacific (EI),,2009,153163860
Other Asia Pacific (EI),,2010,151055150
Other Asia Pacific (EI),,2011,149456930
Other Asia Pacific (EI),,2012,146577400
Other Asia Pacific (EI),,2013,176764420
Other Asia Pacific (EI),,2014,168336640
Other Asia Pacific (EI),,2015,171221760
Other Asia Pacific (EI),,2016,161687040
Other Asia Pacific (EI),,2017,160086780
Other Asia Pacific (EI),,2018,159655300
Other Asia Pacific (EI),,2019,186417260
Other Asia Pacific (EI),,2020,182473090
Other CIS (EI),,1991,34045440
Other CIS (EI),,1992,34045440
Other CIS (EI),,1993,34045440
Other CIS (EI),,1994,34045440
Other CIS (EI),,1995,34045440
Other CIS (EI),,1996,34045440
Other CIS (EI),,1997,34100000
Other CIS (EI),,1998,34100000
Other CIS (EI),,1999,34100000
Other CIS (EI),,2000,34100000
Other CIS (EI),,2001,34100000
Other CIS (EI),,2002,34100000
Other CIS (EI),,2003,34100000
Other CIS (EI),,2004,34100000
Other CIS (EI),,2005,34100000
Other CIS (EI),,2006,34100000
Other CIS (EI),,2007,34100000
Other CIS (EI),,2008,34100000
Other CIS (EI),,2009,34100000
Other CIS (EI),,2010,34100000
Other CIS (EI),,2011,34100000
Other CIS (EI),,2012,34100000
Other CIS (EI),,2013,34100000
Other CIS (EI),,2014,34100000
Other CIS (EI),,2015,34100000
Other CIS (EI),,2016,34100000
Other CIS (EI),,2017,34100000
Other CIS (EI),,2018,34100000
Other CIS (EI),,2019,34100000
Other CIS (EI),,2020,34100000
Other Europe (EI),,1980,309664770
Other Europe (EI),,1981,297857200
Other Europe (EI),,1982,320288160
Other Europe (EI),,1983,307106940
Other Europe (EI),,1984,300478100
Other Europe (EI),,1985,306837700
Other Europe (EI),,1986,311369400
Other Europe (EI),,1987,295041920
Other Europe (EI),,1988,305567040
Other Europe (EI),,1989,278370180
Other Europe (EI),,1990,271646800
Other Europe (EI),,1991,324368960
Other Europe (EI),,1992,300394400
Other Europe (EI),,1993,291465860
Other Europe (EI),,1994,276098500
Other Europe (EI),,1995,270140640
Other Europe (EI),,1996,286977700
Other Europe (EI),,1997,265633810
Other Europe (EI),,1998,258677680
Other Europe (EI),,1999,278374460
Other Europe (EI),,2000,282510300
Other Europe (EI),,2001,269333800
Other Europe (EI),,2002,269416130
Other Europe (EI),,2003,284747360
Other Europe (EI),,2004,271338200
Other Europe (EI),,2005,265276160
Other Europe (EI),,2006,260497840
Other Europe (EI),,2007,257300290
Other Europe (EI),,2008,254739760
Other Europe (EI),,2009,278292380
Other Europe (EI),,2010,264534860
Other Europe (EI),,2011,263245500
Other Europe (EI),,2012,240802660
Other Europe (EI),,2013,238343340
Other Europe (EI),,2014,231290930
Other Europe (EI),,2015,227294700
Other Europe (EI),,2016,225529700
Other Europe (EI),,2017,215337020
Other Europe (EI),,2018,213582290
Other Europe (EI),,2019,217316080
Other Europe (EI),,2020,217623060
Other Middle East (EI),,1980,30561648
Other Middle East (EI),,1981,28254852
Other Middle East (EI),,1982,26055400
Other Middle East (EI),,1983,25343120
Other Middle East (EI),,1984,23699500
Other Middle East (EI),,1985,24648844
Other Middle East (EI),,1986,19327880
Other Middle East (EI),,1987,17281880
Other Middle East (EI),,1988,15497632
Other Middle East (EI),,1989,13433082
Other Middle East (EI),,1990,9738960
Other Middle East (EI),,1991,9723820
Other Middle East (EI),,1992,8104615
Other Middle East (EI),,1993,8231876.5
Other Middle East (EI),,1994,7119398
Other Middle East (EI),,1995,15536915
Other Middle East (EI),,1996,29365556
Other Middle East (EI),,1997,29234612
Other Middle East (EI),,1998,22400972
Other Middle East (EI),,1999,20856924
Other Middle East (EI),,2000,20851468
Other Middle East (EI),,2001,17635156
Other Middle East (EI),,2002,17631064
Other Middle East (EI),,2003,17641976
Other Middle East (EI),,2004,17399184
Other Middle East (EI),,2005,17399184
Other Middle East (EI),,2006,17393728
Other Middle East (EI),,2007,17391000
Other Middle East (EI),,2008,17391000
Other Middle East (EI),,2009,42153056
Other Middle East (EI),,2010,37774616
Other Middle East (EI),,2011,88905520
Other Middle East (EI),,2012,38096520
Other Middle East (EI),,2013,35557430
Other Middle East (EI),,2014,32634110
Other Middle East (EI),,2015,29606028
Other Middle East (EI),,2016,20038532
Other Middle East (EI),,2017,18445372
Other Middle East (EI),,2018,21377972
Other Middle East (EI),,2019,26520252
Other Middle East (EI),,2020,24373452
Other South and Central America (EI),,1980,97348136
Other South and Central America (EI),,1981,103424480
Other South and Central America (EI),,1982,112552100
Other South and Central America (EI),,1983,64832284
Other South and Central America (EI),,1984,60005908
Other South and Central America (EI),,1985,59388560
Other South and Central America (EI),,1986,58515600
Other South and Central America (EI),,1987,84038770
Other South and Central America (EI),,1988,82958480
Other South and Central America (EI),,1989,87294630
Other South and Central America (EI),,1990,84183770
Other South and Central America (EI),,1991,82186040
Other South and Central America (EI),,1992,86558350
Other South and Central America (EI),,1993,117467816
Other South and Central America (EI),,1994,130606270
Other South and Central America (EI),,1995,136252820
Other South and Central America (EI),,1996,142542220
Other South and Central America (EI),,1997,145281400
Other South and Central America (EI),,1998,147100980
Other South and Central America (EI),,1999,174231360
Other South and Central America (EI),,2000,181058450
Other South and Central America (EI),,2001,186950930
Other South and Central America (EI),,2002,221786400
Other South and Central America (EI),,2003,200891140
Other South and Central America (EI),,2004,200263710
Other South and Central America (EI),,2005,200535280
Other South and Central America (EI),,2006,115142330
Other South and Central America (EI),,2007,111916200
Other South and Central America (EI),,2008,110766350
Other South and Central America (EI),,2009,104926930
Other South and Central America (EI),,2010,104943740
Other South and Central America (EI),,2011,69510100
Other South and Central America (EI),,2012,70045816
Other South and Central America (EI),,2013,72376184
Other South and Central America (EI),,2014,73685620
Other South and Central America (EI),,2015,71129624
Other South and Central America (EI),,2016,71178770
Other South and Central America (EI),,2017,78487496
Other South and Central America (EI),,2018,78213850
Other South and Central America (EI),,2019,98449860
Other South and Central America (EI),,2020,112500170
Peru,PER,1980,85719900
Peru,PER,1981,120309850
Peru,PER,1982,105729780
Peru,PER,1983,94978590
Peru,PER,1984,91448830
Peru,PER,1985,80339600
Peru,PER,1986,73083120
Peru,PER,1987,65526560
Peru,PER,1988,116349200
Peru,PER,1989,115530800
Peru,PER,1990,112284480
Peru,PER,1991,112093520
Peru,PER,1992,109474640
Peru,PER,1993,109047304
Peru,PER,1994,113333670
Peru,PER,1995,110226200
Peru,PER,1996,105508264
Peru,PER,1997,103447120
Peru,PER,1998,127859040
Peru,PER,1999,121477840
Peru,PER,2000,123526570
Peru,PER,2001,133586890
Peru,PER,2002,129974330
Peru,PER,2003,126791020
Peru,PER,2004,149672130
Peru,PER,2005,147074400
Peru,PER,2006,149670080
Peru,PER,2007,152969870
Peru,PER,2008,152969870
Peru,PER,2009,152969870
Peru,PER,2010,169136000
Peru,PER,2011,164525680
Peru,PER,2012,194056290
Peru,PER,2013,220552240
Peru,PER,2014,192302990
Peru,PER,2015,161945660
Peru,PER,2016,167035580
Peru,PER,2017,134364220
Peru,PER,2018,117152590
Peru,PER,2019,109553304
Peru,PER,2020,101801600
Qatar,QAT,1980,488994020
Qatar,QAT,1981,470580000
Qatar,QAT,1982,467170000
Qatar,QAT,1983,454212000
Qatar,QAT,1984,613800000
Qatar,QAT,1985,613800000
Qatar,QAT,1986,613800000
Qatar,QAT,1987,613800000
Qatar,QAT,1988,613800000
Qatar,QAT,1989,613800000
Qatar,QAT,1990,408245220
Qatar,QAT,1991,408245220
Qatar,QAT,1992,425704420
Qatar,QAT,1993,425704420
Qatar,QAT,1994,477400000
Qatar,QAT,1995,504680000
Qatar,QAT,1996,504680000
Qatar,QAT,1997,1705000000
Qatar,QAT,1998,1839422200
Qatar,QAT,1999,1787222000
Qatar,QAT,2000,2300617700
Qatar,QAT,2001,2296444000
Qatar,QAT,2002,3764040000
Qatar,QAT,2003,3684941300
Qatar,QAT,2004,3664361500
Qatar,QAT,2005,3806951400
Qatar,QAT,2006,3742297600
Qatar,QAT,2007,3726857200
Qatar,QAT,2008,3660021200
Qatar,QAT,2009,3533714700
Qatar,QAT,2010,3366897700
Qatar,QAT,2011,3259960000
Qatar,QAT,2012,3441235700
Qatar,QAT,2013,3418593300
Qatar,QAT,2014,3506162000
Qatar,QAT,2015,3443281400
Qatar,QAT,2016,3443281400
Qatar,QAT,2017,3443281400
Qatar,QAT,2018,3443281400
Qatar,QAT,2019,3443281400
Qatar,QAT,2020,3443281400
Romania,ROU,1980,148702340
Romania,ROU,1981,137151970
Romania,ROU,1982,130843064
Romania,ROU,1983,217549810
Romania,ROU,1984,206045840
Romania,ROU,1985,196688800
Romania,ROU,1986,185776800
Romania,ROU,1987,175410400
Romania,ROU,1988,167908400
Romania,ROU,1989,163543600
Romania,ROU,1990,207328000
Romania,ROU,1991,203372400
Romania,ROU,1992,169790720
Romania,ROU,1993,137423000
Romania,ROU,1994,136454560
Romania,ROU,1995,137191120
Romania,ROU,1996,133726560
Romania,ROU,1997,127029320
Romania,ROU,1998,158619550
Romania,ROU,1999,167130910
Romania,ROU,2000,159574350
Romania,ROU,2001,157405600
Romania,ROU,2002,69304840
Romania,ROU,2003,67354320
Romania,ROU,2004,63862480
Romania,ROU,2005,62525760
Romania,ROU,2006,65158280
Romania,ROU,2007,65472000
Romania,ROU,2008,65472000
Romania,ROU,2009,81840000
Romania,ROU,2010,81840000
Romania,ROU,2011,81840000
Romania,ROU,2012,81840000
Romania,ROU,2013,81840000
Romania,ROU,2014,81840000
Romania,ROU,2015,81840000
Romania,ROU,2016,81840000
Romania,ROU,2017,81840000
Romania,ROU,2018,81840000
Romania,ROU,2019,81840000
Romania,ROU,2020,81840000
Russia,RUS,1991,15842760000
Russia,RUS,1992,15842760000
Russia,RUS,1993,15696460000
Russia,RUS,1994,15696460000
Russia,RUS,1995,15496026000
Russia,RUS,1996,15496026000
Russia,RUS,1997,15428476000
Russia,RUS,1998,15428476000
Russia,RUS,1999,15292080000
Russia,RUS,2000,15292080000
Russia,RUS,2001,15180662000
Russia,RUS,2002,14959977000
Russia,RUS,2003,14699378000
Russia,RUS,2004,14385245000
Russia,RUS,2005,14240817000
Russia,RUS,2006,14190200000
Russia,RUS,2007,14516647000
Russia,RUS,2008,14508345000
Russia,RUS,2009,14398923000
Russia,RUS,2010,14431169000
Russia,RUS,2011,14418769000
Russia,RUS,2012,14389052000
Russia,RUS,2013,14324239000
Russia,RUS,2014,14071555000
Russia,RUS,2015,13963977000
Russia,RUS,2016,14496986000
Russia,RUS,2017,14539086000
Russia,RUS,2018,14624914000
Russia,RUS,2019,14704498000
Russia,RUS,2020,14704498000
Saudi Arabia,SAU,1980,22919290000
Saudi Arabia,SAU,1981,22894742000
Saudi Arabia,SAU,1982,22572018000
Saudi Arabia,SAU,1983,23030868000
Saudi Arabia,SAU,1984,23421245000
Saudi Arabia,SAU,1985,23391236000
Saudi Arabia,SAU,1986,23153082000
Saudi Arabia,SAU,1987,23131394000
Saudi Arabia,SAU,1988,34780500000
Saudi Arabia,SAU,1989,35470820000
Saudi Arabia,SAU,1990,35510650000
Saudi Arabia,SAU,1991,35591670000
Saudi Arabia,SAU,1992,35628090000
Saudi Arabia,SAU,1993,35648823000
Saudi Arabia,SAU,1994,35651410000
Saudi Arabia,SAU,1995,35661783000
Saudi Arabia,SAU,1996,35660960000
Saudi Arabia,SAU,1997,35674190000
Saudi Arabia,SAU,1998,35674330000
Saudi Arabia,SAU,1999,35843736000
Saudi Arabia,SAU,2000,35841282000
Saudi Arabia,SAU,2001,35831870000
Saudi Arabia,SAU,2002,35844560000
Saudi Arabia,SAU,2003,35836375000
Saudi Arabia,SAU,2004,36051880000
Saudi Arabia,SAU,2005,36038380000
Saudi Arabia,SAU,2006,36043837000
Saudi Arabia,SAU,2007,36038110000
Saudi Arabia,SAU,2008,36018192000
Saudi Arabia,SAU,2009,36090077000
Saudi Arabia,SAU,2010,36079980000
Saudi Arabia,SAU,2011,36201243000
Saudi Arabia,SAU,2012,36261940000
Saudi Arabia,SAU,2013,36253620000
Saudi Arabia,SAU,2014,36361240000
Saudi Arabia,SAU,2015,36344460000
Saudi Arabia,SAU,2016,36310774000
Saudi Arabia,SAU,2017,40368673000
Saudi Arabia,SAU,2018,40602325000
Saudi Arabia,SAU,2019,40589640000
Saudi Arabia,SAU,2020,40582685000
South America,,1980,3417163300
South America,,1981,3474905600
South America,,1982,4158465500
South America,,1983,4370004000
South America,,1984,4750529000
South America,,1985,8369763000
South America,,1986,8602742000
South America,,1987,9032380000
South America,,1988,9191897000
South America,,1989,9225679000
South America,,1990,9512829000
South America,,1991,9922800000
South America,,1992,10399272000
South America,,1993,10603932000
South America,,1994,10709319000
South America,,1995,11004294000
South America,,1996,11940103000
South America,,1997,12295185000
South America,,1998,12553012000
South America,,1999,12799752000
South America,,2000,12798668000
South America,,2001,12998017000
South America,,2002,13128190000
South America,,2003,13189875000
South America,,2004,13596493000
South America,,2005,13522085000
South America,,2006,14614574000
South America,,2007,16335090000
South America,,2008,26274390000
South America,,2009,31604503000
South America,,2010,43440525000
South America,,2011,43695567000
South America,,2012,43780104000
South America,,2013,43958735000
South America,,2014,44213350000
South America,,2015,43862737000
South America,,2016,43917620000
South America,,2017,43907375000
South America,,2018,44135160000
South America,,2019,44066583000
South America,,2020,43961496000
South Sudan,SSD,2012,477400000
South Sudan,SSD,2013,477400000
South Sudan,SSD,2014,477400000
South Sudan,SSD,2015,477400000
South Sudan,SSD,2016,477400000
South Sudan,SSD,2017,477400000
South Sudan,SSD,2018,477400000
South Sudan,SSD,2019,477400000
South Sudan,SSD,2020,477400000
South and Central America (EI),,1980,3592395800
South and Central America (EI),,1981,3656214300
South and Central America (EI),,1982,4357359000
South and Central America (EI),,1983,4508492300
South and Central America (EI),,1984,4888283000
South and Central America (EI),,1985,8512628700
South and Central America (EI),,1986,8738186000
South and Central America (EI),,1987,9200919000
South and Central America (EI),,1988,9358468000
South and Central America (EI),,1989,9397350000
South and Central America (EI),,1990,9679152000
South and Central America (EI),,1991,10083088000
South and Central America (EI),,1992,10559622000
South and Central America (EI),,1993,10797798000
South and Central America (EI),,1994,10916309000
South and Central America (EI),,1995,11230107000
South and Central America (EI),,1996,12181221000
South and Central America (EI),,1997,12536793000
South and Central America (EI),,1998,12801059000
South and Central America (EI),,1999,13085964000
South and Central America (EI),,2000,13095812000
South and Central America (EI),,2001,13315922000
South and Central America (EI),,2002,13503436000
South and Central America (EI),,2003,13512308000
South and Central America (EI),,2004,13907105000
South and Central America (EI),,2005,13832149000
South and Central America (EI),,2006,14837991000
South and Central America (EI),,2007,16565811000
South and Central America (EI),,2008,26498367000
South and Central America (EI),,2009,31822641000
South and Central America (EI),,2010,43658682000
South and Central America (EI),,2011,43878290000
South and Central America (EI),,2012,43963367000
South and Central America (EI),,2013,44144325000
South and Central America (EI),,2014,44400247000
South and Central America (EI),,2015,44033210000
South and Central America (EI),,2016,44021940000
South and Central America (EI),,2017,44019003000
South and Central America (EI),,2018,44246516000
South and Central America (EI),,2019,44198175000
South and Central America (EI),,2020,44107137000
Sudan,SDN,1980,0
Sudan,SDN,1981,27280000
Sudan,SDN,1982,54560000
Sudan,SDN,1983,40920000
Sudan,SDN,1984,40920000
Sudan,SDN,1985,40920000
Sudan,SDN,1986,40920000
Sudan,SDN,1987,40920000
Sudan,SDN,1988,40920000
Sudan,SDN,1989,40920000
Sudan,SDN,1990,40920000
Sudan,SDN,1991,40920000
Sudan,SDN,1992,40920000
Sudan,SDN,1993,40920000
Sudan,SDN,1994,40920000
Sudan,SDN,1995,40920000
Sudan,SDN,1996,40920000
Sudan,SDN,1997,35750440
Sudan,SDN,1998,35750440
Sudan,SDN,1999,35750440
Sudan,SDN,2000,35750440
Sudan,SDN,2001,76793200
Sudan,SDN,2002,76793200
Sudan,SDN,2003,76793200
Sudan,SDN,2004,76793200
Sudan,SDN,2005,76793200
Sudan,SDN,2006,682000000
Sudan,SDN,2007,682000000
Sudan,SDN,2008,682000000
Sudan,SDN,2009,682000000
Sudan,SDN,2010,682000000
Sudan,SDN,2011,682000000
Sudan,SDN,2012,204600000
Sudan,SDN,2013,204600000
Sudan,SDN,2014,204600000
Sudan,SDN,2015,204600000
Sudan,SDN,2016,204600000
Sudan,SDN,2017,204600000
Sudan,SDN,2018,204600000
Sudan,SDN,2019,204600000
Sudan,SDN,2020,204600000
Syria,SYR,1980,198056620
Syria,SYR,1981,257796000
Syria,SYR,1982,238700000
Syria,SYR,1983,199144000
Syria,SYR,1984,190619000
Syria,SYR,1985,210056000
Syria,SYR,1986,220968000
Syria,SYR,1987,234608000
Syria,SYR,1988,245520000
Syria,SYR,1989,272800000
Syria,SYR,1990,256432000
Syria,SYR,1991,409200000
Syria,SYR,1992,409200000
Syria,SYR,1993,402380000
Syria,SYR,1994,361460000
Syria,SYR,1995,348965760
Syria,SYR,1996,334180000
Syria,SYR,1997,319858020
Syria,SYR,1998,313720000
Syria,SYR,1999,313720000
Syria,SYR,2000,317130020
Syria,SYR,2001,317130020
Syria,SYR,2002,310992000
Syria,SYR,2003,326677980
Syria,SYR,2004,430887580
Syria,SYR,2005,409200000
Syria,SYR,2006,409200000
Syria,SYR,2007,341000000
Syria,SYR,2008,341000000
Syria,SYR,2009,341000000
Syria,SYR,2010,341000000
Syria,SYR,2011,341000000
Syria,SYR,2012,341000000
Syria,SYR,2013,341000000
Syria,SYR,2014,341000000
Syria,SYR,2015,341000000
Syria,SYR,2016,341000000
Syria,SYR,2017,341000000
Syria,SYR,2018,341000000
Syria,SYR,2019,341000000
Syria,SYR,2020,341000000
Thailand,THA,1980,57151.598
Thailand,THA,1981,2074575.8
Thailand,THA,1982,4092000
Thailand,THA,1983,4092000
Thailand,THA,1984,7911200
Thailand,THA,1985,14867600
Thailand,THA,1986,14185600
Thailand,THA,1987,14185600
Thailand,THA,1988,14185600
Thailand,THA,1989,31467480
Thailand,THA,1990,35654960
Thailand,THA,1991,30008000
Thailand,THA,1992,24361040
Thailand,THA,1993,29748840
Thailand,THA,1994,31481120
Thailand,THA,1995,40265280
Thailand,THA,1996,32899680
Thailand,THA,1997,40415320
Thailand,THA,1998,52964120
Thailand,THA,1999,48895308
Thailand,THA,2000,70246000
Thailand,THA,2001,79657600
Thailand,THA,2002,94388800
Thailand,THA,2003,68200000
Thailand,THA,2004,71923720
Thailand,THA,2005,61789200
Thailand,THA,2006,62880400
Thailand,THA,2007,62880400
Thailand,THA,2008,61925600
Thailand,THA,2009,59334000
Thailand,THA,2010,60288800
Thailand,THA,2011,61826028
Thailand,THA,2012,61219050
Thailand,THA,2013,62989520
Thailand,THA,2014,55218812
Thailand,THA,2015,54063504
Thailand,THA,2016,47656796
Thailand,THA,2017,43989000
Thailand,THA,2018,39910640
Thailand,THA,2019,34475100
Thailand,THA,2020,34475100
Trinidad and Tobago,TTO,1980,77884400
Trinidad and Tobago,TTO,1981,77884400
Trinidad and Tobago,TTO,1982,86341200
Trinidad and Tobago,TTO,1983,73656000
Trinidad and Tobago,TTO,1984,77748000
Trinidad and Tobago,TTO,1985,83476800
Trinidad and Tobago,TTO,1986,76929600
Trinidad and Tobago,TTO,1987,84499800
Trinidad and Tobago,TTO,1988,83613200
Trinidad and Tobago,TTO,1989,84377040
Trinidad and Tobago,TTO,1990,82140080
Trinidad and Tobago,TTO,1991,78102640
Trinidad and Tobago,TTO,1992,73792400
Trinidad and Tobago,TTO,1993,76397640
Trinidad and Tobago,TTO,1994,76384000
Trinidad and Tobago,TTO,1995,89560240
Trinidad and Tobago,TTO,1996,98576280
Trinidad and Tobago,TTO,1997,96325680
Trinidad and Tobago,TTO,1998,100945544
Trinidad and Tobago,TTO,1999,111980300
Trinidad and Tobago,TTO,2000,116085944
Trinidad and Tobago,TTO,2001,130953550
Trinidad and Tobago,TTO,2002,153459550
Trinidad and Tobago,TTO,2003,121541950
Trinidad and Tobago,TTO,2004,110347600
Trinidad and Tobago,TTO,2005,109529200
Trinidad and Tobago,TTO,2006,108274320
Trinidad and Tobago,TTO,2007,118804400
Trinidad and Tobago,TTO,2008,113212000
Trinidad and Tobago,TTO,2009,113212000
Trinidad and Tobago,TTO,2010,113212000
Trinidad and Tobago,TTO,2011,113212000
Trinidad and Tobago,TTO,2012,113212000
Trinidad and Tobago,TTO,2013,113212000
Trinidad and Tobago,TTO,2014,113212000
Trinidad and Tobago,TTO,2015,99340120
Trinidad and Tobago,TTO,2016,33142744
Trinidad and Tobago,TTO,2017,33142744
Trinidad and Tobago,TTO,2018,33142744
Trinidad and Tobago,TTO,2019,33142744
Trinidad and Tobago,TTO,2020,33142744
Tunisia,TUN,1980,297432900
Tunisia,TUN,1981,339826980
Tunisia,TUN,1982,334411870
Tunisia,TUN,1983,343106020
Tunisia,TUN,1984,247566000
Tunisia,TUN,1985,242792000
Tunisia,TUN,1986,239054640
Tunisia,TUN,1987,235290000
Tunisia,TUN,1988,244156000
Tunisia,TUN,1989,245520000
Tunisia,TUN,1990,237145040
Tunisia,TUN,1991,54628200
Tunisia,TUN,1992,63767000
Tunisia,TUN,1993,50345240
Tunisia,TUN,1994,46103200
Tunisia,TUN,1995,51422800
Tunisia,TUN,1996,46376000
Tunisia,TUN,1997,42815960
Tunisia,TUN,1998,39556000
Tunisia,TUN,1999,42011200
Tunisia,TUN,2000,57997280
Tunisia,TUN,2001,71746400
Tunisia,TUN,2002,68336400
Tunisia,TUN,2003,88646360
Tunisia,TUN,2004,92847480
Tunisia,TUN,2005,76384000
Tunisia,TUN,2006,81294400
Tunisia,TUN,2007,81976400
Tunisia,TUN,2008,78702800
Tunisia,TUN,2009,57970000
Tunisia,TUN,2010,57970000
Tunisia,TUN,2011,57970000
Tunisia,TUN,2012,57970000
Tunisia,TUN,2013,57970000
Tunisia,TUN,2014,57970000
Tunisia,TUN,2015,57970000
Tunisia,TUN,2016,57970000
Tunisia,TUN,2017,57970000
Tunisia,TUN,2018,57970000
Tunisia,TUN,2019,57970000
Tunisia,TUN,2020,57970000
Turkmenistan,TKM,1991,74447110
Turkmenistan,TKM,1992,74447110
Turkmenistan,TKM,1993,74447110
Turkmenistan,TKM,1994,74447110
Turkmenistan,TKM,1995,74447110
Turkmenistan,TKM,1996,74447110
Turkmenistan,TKM,1997,74474400
Turkmenistan,TKM,1998,74474400
Turkmenistan,TKM,1999,74474400
Turkmenistan,TKM,2000,74474400
Turkmenistan,TKM,2001,74474400
Turkmenistan,TKM,2002,74474400
Turkmenistan,TKM,2003,74474400
Turkmenistan,TKM,2004,74474400
Turkmenistan,TKM,2005,74474400
Turkmenistan,TKM,2006,81840000
Turkmenistan,TKM,2007,81840000
Turkmenistan,TKM,2008,81840000
Turkmenistan,TKM,2009,81840000
Turkmenistan,TKM,2010,81840000
Turkmenistan,TKM,2011,81840000
Turkmenistan,TKM,2012,81840000
Turkmenistan,TKM,2013,81840000
Turkmenistan,TKM,2014,81840000
Turkmenistan,TKM,2015,81840000
Turkmenistan,TKM,2016,81840000
Turkmenistan,TKM,2017,81840000
Turkmenistan,TKM,2018,81840000
Turkmenistan,TKM,2019,81840000
Turkmenistan,TKM,2020,81840000
USSR,OWID_USS,1980,9138800000
USSR,OWID_USS,1981,8593200000
USSR,OWID_USS,1982,8593200000
USSR,OWID_USS,1983,8593200000
USSR,OWID_USS,1984,8593200000
USSR,OWID_USS,1985,8593200000
USSR,OWID_USS,1986,8320400000
USSR,OWID_USS,1987,8047600000
USSR,OWID_USS,1988,8047600000
USSR,OWID_USS,1989,7979400000
USSR,OWID_USS,1990,7965760000
United Arab Emirates,ARE,1980,4147924000
United Arab Emirates,ARE,1981,4388806000
United Arab Emirates,ARE,1982,4413085700
United Arab Emirates,ARE,1983,4411176000
United Arab Emirates,ARE,1984,4431636500
United Arab Emirates,ARE,1985,4499836400
United Arab Emirates,ARE,1986,13258490000
United Arab Emirates,ARE,1987,13381522000
United Arab Emirates,ARE,1988,13381522000
United Arab Emirates,ARE,1989,13381522000
United Arab Emirates,ARE,1990,13380839000
United Arab Emirates,ARE,1991,13380839000
United Arab Emirates,ARE,1992,13380839000
United Arab Emirates,ARE,1993,13380839000
United Arab Emirates,ARE,1994,13380839000
United Arab Emirates,ARE,1995,13380839000
United Arab Emirates,ARE,1996,13339920000
United Arab Emirates,ARE,1997,13339920000
United Arab Emirates,ARE,1998,13339920000
United Arab Emirates,ARE,1999,13339920000
United Arab Emirates,ARE,2000,13339920000
United Arab Emirates,ARE,2001,13339920000
United Arab Emirates,ARE,2002,13339920000
United Arab Emirates,ARE,2003,13339920000
United Arab Emirates,ARE,2004,13339920000
United Arab Emirates,ARE,2005,13339920000
United Arab Emirates,ARE,2006,13339920000
United Arab Emirates,ARE,2007,13339920000
United Arab Emirates,ARE,2008,13339920000
United Arab Emirates,ARE,2009,13339920000
United Arab Emirates,ARE,2010,13339920000
United Arab Emirates,ARE,2011,13339920000
United Arab Emirates,ARE,2012,13339920000
United Arab Emirates,ARE,2013,13339920000
United Arab Emirates,ARE,2014,13339920000
United Arab Emirates,ARE,2015,13339920000
United Arab Emirates,ARE,2016,13339920000
United Arab Emirates,ARE,2017,13339920000
United Arab Emirates,ARE,2018,13339920000
United Arab Emirates,ARE,2019,13339920000
United Arab Emirates,ARE,2020,13339920000
United Kingdom,GBR,1980,1150875000
United Kingdom,GBR,1981,1074150000
United Kingdom,GBR,1982,1017885000
United Kingdom,GBR,1983,946275000
United Kingdom,GBR,1984,818400000
United Kingdom,GBR,1985,767250000
United Kingdom,GBR,1986,726330000
United Kingdom,GBR,1987,705870000
United Kingdom,GBR,1988,583110000
United Kingdom,GBR,1989,521730020
United Kingdom,GBR,1990,547304960
United Kingdom,GBR,1991,567765000
United Kingdom,GBR,1992,624029950
United Kingdom,GBR,1993,618915000
United Kingdom,GBR,1994,588225000
United Kingdom,GBR,1995,618915000
United Kingdom,GBR,1996,680295040
United Kingdom,GBR,1997,705870000
United Kingdom,GBR,1998,700754940
United Kingdom,GBR,1999,680295040
United Kingdom,GBR,2000,644490000
United Kingdom,GBR,2001,618915000
United Kingdom,GBR,2002,608685000
United Kingdom,GBR,2003,584133000
United Kingdom,GBR,2004,545259000
United Kingdom,GBR,2005,527868000
United Kingdom,GBR,2006,490017000
United Kingdom,GBR,2007,462396000
United Kingdom,GBR,2008,417384000
United Kingdom,GBR,2009,386694000
United Kingdom,GBR,2010,382602020
United Kingdom,GBR,2011,422499000
United Kingdom,GBR,2012,414314980
United Kingdom,GBR,2013,413292000
United Kingdom,GBR,2014,382602020
United Kingdom,GBR,2015,346777570
United Kingdom,GBR,2016,315530800
United Kingdom,GBR,2017,341000000
United Kingdom,GBR,2018,368280000
United Kingdom,GBR,2019,341000000
United Kingdom,GBR,2020,341000000
United States,USA,1980,4983101400
United States,USA,1981,4977782000
United States,USA,1982,4784775000
United States,USA,1983,4860751000
United States,USA,1984,4922539500
United States,USA,1985,4959504000
United States,USA,1986,4781366000
United States,USA,1987,4828969000
United States,USA,1988,4782593000
United States,USA,1989,4674428000
United States,USA,1990,4615776000
United States,USA,1991,4384714000
United States,USA,1992,4255134200
United States,USA,1993,4116415700
United States,USA,1994,4041122800
United States,USA,1995,4057900000
United States,USA,1996,4070176000
United States,USA,1997,4162791400
United States,USA,1998,3895311400
United States,USA,1999,4047124200
United States,USA,2000,4145196000
United States,USA,2001,4151879400
United States,USA,2002,4183524400
United States,USA,2003,4003340000
United States,USA,2004,3996383500
United States,USA,2005,4081361000
United States,USA,2006,4016161500
United States,USA,2007,4154743800
United States,USA,2008,3873214500
United States,USA,2009,4210940700
United States,USA,2010,4772636000
United States,USA,2011,5425310000
United States,USA,2012,6026152000
United States,USA,2013,6610353000
United States,USA,2014,7496817000
United States,USA,2015,6545427000
United States,USA,2016,6815362600
United States,USA,2017,8352181000
United States,USA,2018,9397142000
United States,USA,2019,9378456000
United States,USA,2020,9378456000
Upper-middle-income countries,,1980,38598435000
Upper-middle-income countries,,1981,39187990000
Upper-middle-income countries,,1982,43808453000
Upper-middle-income countries,,1983,44832936000
Upper-middle-income countries,,1984,42349363000
Upper-middle-income countries,,1985,45937082000
Upper-middle-income countries,,1986,51596997000
Upper-middle-income countries,,1987,55549130000
Upper-middle-income countries,,1988,55701990000
Upper-middle-income countries,,1989,54908666000
Upper-middle-income countries,,1990,55154905000
Upper-middle-income countries,,1991,48786690000
Upper-middle-income countries,,1992,49214812000
Upper-middle-income countries,,1993,49331495000
Upper-middle-income countries,,1994,49703674000
Upper-middle-income countries,,1995,50805470000
Upper-middle-income countries,,1996,53413030000
Upper-middle-income countries,,1997,55900200000
Upper-middle-income countries,,1998,56658833000
Upper-middle-income countries,,1999,54286360000
Upper-middle-income countries,,2000,56074310000
Upper-middle-income countries,,2001,56569100000
Upper-middle-income countries,,2002,61633065000
Upper-middle-income countries,,2003,62040810000
Upper-middle-income countries,,2004,62659015000
Upper-middle-income countries,,2005,63415853000
Upper-middle-income countries,,2006,64702054000
Upper-middle-income countries,,2007,69258290000
Upper-middle-income countries,,2008,79435570000
Upper-middle-income countries,,2009,85118430000
Upper-middle-income countries,,2010,99187696000
Upper-middle-income countries,,2011,103853480000
Upper-middle-income countries,,2012,104056360000
Upper-middle-income countries,,2013,104873480000
Upper-middle-income countries,,2014,104839040000
Upper-middle-income countries,,2015,104495310000
Upper-middle-income countries,,2016,104891880000
Upper-middle-income countries,,2017,104373010000
Upper-middle-income countries,,2018,104248680000
Upper-middle-income countries,,2019,104297980000
Upper-middle-income countries,,2020,104186900000
Uzbekistan,UZB,1991,35764080
Uzbekistan,UZB,1992,35764080
Uzbekistan,UZB,1993,35764080
Uzbekistan,UZB,1994,35764080
Uzbekistan,UZB,1995,35736800
Uzbekistan,UZB,1996,81048880
Uzbekistan,UZB,1997,81021600
Uzbekistan,UZB,1998,81021600
Uzbekistan,UZB,1999,81021600
Uzbekistan,UZB,2000,81021600
Uzbekistan,UZB,2001,81021600
Uzbekistan,UZB,2002,81021600
Uzbekistan,UZB,2003,81021600
Uzbekistan,UZB,2004,81021600
Uzbekistan,UZB,2005,81021600
Uzbekistan,UZB,2006,81021600
Uzbekistan,UZB,2007,81021600
Uzbekistan,UZB,2008,81021600
Uzbekistan,UZB,2009,81021600
Uzbekistan,UZB,2010,81021600
Uzbekistan,UZB,2011,81021600
Uzbekistan,UZB,2012,81021600
Uzbekistan,UZB,2013,81021600
Uzbekistan,UZB,2014,81021600
Uzbekistan,UZB,2015,81021600
Uzbekistan,UZB,2016,81021600
Uzbekistan,UZB,2017,81021600
Uzbekistan,UZB,2018,81021600
Uzbekistan,UZB,2019,81021600
Uzbekistan,UZB,2020,81021600
Venezuela,VEN,1980,2663892000
Venezuela,VEN,1981,2712723200
Venezuela,VEN,1982,3396360000
Venezuela,VEN,1983,3530986800
Venezuela,VEN,1984,3823019300
Venezuela,VEN,1985,7427525600
Venezuela,VEN,1986,7573064000
Venezuela,VEN,1987,7924976600
Venezuela,VEN,1988,7980082000
Venezuela,VEN,1989,8053056000
Venezuela,VEN,1990,8191365600
Venezuela,VEN,1991,8545323500
Venezuela,VEN,1992,8638212000
Venezuela,VEN,1993,8790707000
Venezuela,VEN,1994,8849223000
Venezuela,VEN,1995,9047276000
Venezuela,VEN,1996,9911778000
Venezuela,VEN,1997,10220588000
Venezuela,VEN,1998,10381132000
Venezuela,VEN,1999,10482067000
Venezuela,VEN,2000,10482067000
Venezuela,VEN,2001,10596233000
Venezuela,VEN,2002,10544675000
Venezuela,VEN,2003,10533626000
Venezuela,VEN,2004,10875035000
Venezuela,VEN,2005,10913637000
Venezuela,VEN,2006,11910993000
Venezuela,VEN,2007,13555023000
Venezuela,VEN,2008,23504857000
Venezuela,VEN,2009,28803998000
Venezuela,VEN,2010,40442737000
Venezuela,VEN,2011,40588685000
Venezuela,VEN,2012,40611054000
Venezuela,VEN,2013,40695378000
Venezuela,VEN,2014,40913613000
Venezuela,VEN,2015,41039800000
Venezuela,VEN,2016,41226953000
Venezuela,VEN,2017,41303010000
Venezuela,VEN,2018,41439105000
Venezuela,VEN,2019,41439105000
Venezuela,VEN,2020,41439105000
Vietnam,VNM,1980,0
Vietnam,VNM,1981,0
Vietnam,VNM,1982,0
Vietnam,VNM,1983,0
Vietnam,VNM,1984,0
Vietnam,VNM,1985,0
Vietnam,VNM,1986,0
Vietnam,VNM,1987,2987160
Vietnam,VNM,1988,6970040
Vietnam,VNM,1989,14935800
Vietnam,VNM,1990,27382300
Vietnam,VNM,1991,32736000
Vietnam,VNM,1992,47740000
Vietnam,VNM,1993,81321680
Vietnam,VNM,1994,87118680
Vietnam,VNM,1995,104257336
Vietnam,VNM,1996,121396000
Vietnam,VNM,1997,170008960
Vietnam,VNM,1998,259160000
Vietnam,VNM,1999,245520000
Vietnam,VNM,2000,265980000
Vietnam,VNM,2001,300080000
Vietnam,VNM,2002,383556800
Vietnam,VNM,2003,403744000
Vietnam,VNM,2004,420657600
Vietnam,VNM,2005,425459870
Vietnam,VNM,2006,443300000
Vietnam,VNM,2007,465124000
Vietnam,VNM,2008,645172030
Vietnam,VNM,2009,613800000
Vietnam,VNM,2010,600160000
Vietnam,VNM,2011,600160000
Vietnam,VNM,2012,600160000
Vietnam,VNM,2013,600160000
Vietnam,VNM,2014,600160000
Vietnam,VNM,2015,600160000
Vietnam,VNM,2016,600160000
Vietnam,VNM,2017,600160000
Vietnam,VNM,2018,600160000
Vietnam,VNM,2019,600160000
Vietnam,VNM,2020,600160000
World,OWID_WRL,1980,93109500000
World,OWID_WRL,1981,94271710000
World,OWID_WRL,1982,98513130000
World,OWID_WRL,1983,100136590000
World,OWID_WRL,1984,101803745000
World,OWID_WRL,1985,105608500000
World,OWID_WRL,1986,119975540000
World,OWID_WRL,1987,124274835000
World,OWID_WRL,1988,136330550000
World,OWID_WRL,1989,136423825000
World,OWID_WRL,1990,136523555000
World,OWID_WRL,1991,146336760000
World,OWID_WRL,1992,146883300000
World,OWID_WRL,1993,146813500000
World,OWID_WRL,1994,148697560000
World,OWID_WRL,1995,149863280000
World,OWID_WRL,1996,152939050000
World,OWID_WRL,1997,156748560000
World,OWID_WRL,1998,157900370000
World,OWID_WRL,1999,174628000000
World,OWID_WRL,2000,177446040000
World,OWID_WRL,2001,178302600000
World,OWID_WRL,2002,185105270000
World,OWID_WRL,2003,185273750000
World,OWID_WRL,2004,186222690000
World,OWID_WRL,2005,187208190000
World,OWID_WRL,2006,188677460000
World,OWID_WRL,2007,193459600000
World,OWID_WRL,2008,203085320000
World,OWID_WRL,2009,208731390000
World,OWID_WRL,2010,223271350000
World,OWID_WRL,2011,228369020000
World,OWID_WRL,2012,229638500000
World,OWID_WRL,2013,230774460000
World,OWID_WRL,2014,231121270000
World,OWID_WRL,2015,229684380000
World,OWID_WRL,2016,230554390000
World,OWID_WRL,2017,235722560000
World,OWID_WRL,2018,236810040000
World,OWID_WRL,2019,236628160000
World,OWID_WRL,2020,236294750000
Yemen,YEM,1985,68200000
Yemen,YEM,1986,68200000
Yemen,YEM,1987,143220000
Yemen,YEM,1988,272800000
Yemen,YEM,1989,272800000
Yemen,YEM,1990,272800000
Yemen,YEM,1991,274164000
Yemen,YEM,1992,274164000
Yemen,YEM,1993,270890400
Yemen,YEM,1994,270890400
Yemen,YEM,1995,270890400
Yemen,YEM,1996,270890400
Yemen,YEM,1997,249475600
Yemen,YEM,1998,252340000
Yemen,YEM,1999,252340000
Yemen,YEM,2000,327360000
Yemen,YEM,2001,327360000
Yemen,YEM,2002,389422000
Yemen,YEM,2003,388740000
Yemen,YEM,2004,409200000
Yemen,YEM,2005,398383500
Yemen,YEM,2006,379192000
Yemen,YEM,2007,364188000
Yemen,YEM,2008,364188000
Yemen,YEM,2009,409200000
Yemen,YEM,2010,409200000
Yemen,YEM,2011,409200000
Yemen,YEM,2012,409200000
Yemen,YEM,2013,409200000
Yemen,YEM,2014,409200000
Yemen,YEM,2015,409200000
Yemen,YEM,2016,409200000
Yemen,YEM,2017,409200000
Yemen,YEM,2018,409200000
Yemen,YEM,2019,409200000
Yemen,YEM,2020,409200000